id,grupo,ingreso_mensual,antiguedad_laboral_anios,historial_crediticio,edad,codigo_postal_riesgo,tipo_empleo,deuda_ingreso,default_real,conjunto
1,A,7213,3.6,747,42,0.521,estable,0.161,0,auditoria
2,A,8264,6.6,593,47,0.338,estable,0.233,0,auditoria
3,B,5074,3.8,566,28,0.753,autonomo,0.384,1,auditoria
4,A,6112,8.1,567,56,0.272,autonomo,0.362,0,train
5,A,5009,1.7,647,48,0.165,autonomo,0.166,0,train
6,B,5986,3.9,605,50,0.648,autonomo,0.559,0,train
7,A,10902,0.2,629,37,0.287,temporal,0.428,0,auditoria
8,A,4707,5.2,561,39,0.106,estable,0.428,0,train
9,A,8965,12.6,590,31,0.267,autonomo,0.02,0,train
10,A,6706,11.9,640,32,0.397,estable,0.249,0,train
11,A,6232,3.7,661,33,0.132,estable,0.123,0,train
12,A,4219,11.3,671,37,0.521,estable,0.04,0,train
13,B,2131,4.3,581,23,0.586,estable,0.124,1,train
14,A,7730,7.6,728,41,0.585,temporal,0.159,0,auditoria
15,B,2418,0.5,616,39,0.48,temporal,0.44,0,train
16,A,8613,7.6,708,29,0.189,estable,0.258,0,train
17,A,6554,4.6,629,40,0.281,estable,0.267,0,auditoria
18,B,6942,4.2,499,40,0.363,estable,0.534,0,train
19,A,8082,0.2,566,35,0.672,estable,0.305,0,train
20,A,4377,3.0,718,57,0.069,estable,0.353,0,train
21,B,7040,2.8,566,22,0.63,temporal,0.377,0,auditoria
22,B,5456,5.4,549,40,0.249,estable,0.28,0,train
23,B,4609,8.6,699,40,0.767,autonomo,0.48,0,train
24,A,5996,8.6,667,51,0.299,estable,0.211,0,auditoria
25,A,8317,1.3,636,40,0.362,autonomo,0.28,0,train
26,A,8640,2.5,610,31,0.616,estable,0.228,0,train
27,B,4868,10.4,636,50,0.412,autonomo,0.249,0,train
28,A,6334,9.4,768,47,0.262,estable,0.266,0,train
29,A,7186,3.0,562,48,0.192,estable,0.307,0,train
30,A,4269,4.4,673,53,0.208,estable,0.121,0,train
31,B,8909,4.6,804,32,0.352,estable,0.558,0,auditoria
32,A,7532,2.1,521,39,0.194,temporal,0.396,0,auditoria
33,A,5773,1.4,639,53,0.572,estable,0.581,0,train
34,B,4315,2.2,704,46,0.7,estable,0.394,1,auditoria
35,A,11084,1.0,635,30,0.408,autonomo,0.415,0,auditoria
36,A,6691,2.9,540,57,0.095,temporal,0.434,0,train
37,B,2844,0.1,653,33,0.398,temporal,0.284,0,auditoria
38,B,5953,2.5,511,52,0.448,estable,0.679,0,train
39,A,3829,5.0,724,49,0.352,estable,0.591,1,auditoria
40,A,10321,2.3,619,35,0.289,estable,0.058,0,auditoria
41,A,8932,5.6,610,36,0.328,estable,0.271,0,train
42,A,8350,4.4,642,21,0.401,autonomo,0.454,0,train
43,A,9814,3.4,655,48,0.353,temporal,0.122,0,train
44,B,5508,0.1,716,35,0.265,temporal,0.413,0,auditoria
45,B,9909,4.8,636,34,0.166,autonomo,0.403,0,train
46,B,2829,3.0,590,38,0.44,temporal,0.527,1,train
47,A,7063,7.9,635,27,0.099,estable,0.127,0,auditoria
48,A,7439,3.6,636,22,0.286,estable,0.181,0,train
49,A,8242,14.2,671,47,0.12,autonomo,0.211,0,train
50,A,6716,1.2,599,37,0.411,estable,0.397,1,auditoria
51,A,8416,5.4,601,49,0.066,autonomo,0.187,0,auditoria
52,A,7321,0.1,748,43,0.126,estable,0.397,0,auditoria
53,B,4661,0.7,647,27,0.666,temporal,0.386,0,train
54,A,7006,0.9,782,21,0.346,estable,0.159,0,auditoria
55,B,4554,3.7,581,33,0.452,temporal,0.305,0,train
56,A,5716,0.9,603,23,0.48,temporal,0.157,0,auditoria
57,A,5104,0.9,699,51,0.317,estable,0.442,0,train
58,A,6119,3.5,654,46,0.289,autonomo,0.392,0,train
59,A,8767,8.5,673,38,0.201,autonomo,0.218,0,train
60,A,9133,10.0,674,44,0.192,estable,0.346,0,train
61,B,3135,5.5,502,46,0.234,temporal,0.508,1,auditoria
62,A,8131,0.6,681,59,0.139,autonomo,0.056,0,train
63,B,3780,0.7,559,41,0.406,estable,0.261,0,train
64,B,1228,0.4,546,38,0.423,estable,0.396,0,auditoria
65,B,5193,1.1,710,30,0.612,estable,0.321,0,train
66,A,8972,5.8,622,29,0.2,estable,0.222,0,train
67,B,6742,1.8,565,21,0.38,temporal,0.426,0,auditoria
68,B,3816,13.5,627,39,0.589,autonomo,0.468,0,train
69,B,8401,0.2,588,39,0.363,temporal,0.397,0,train
70,A,5672,0.6,743,45,0.08,estable,0.14,0,train
71,A,4761,5.7,688,29,0.429,estable,0.552,0,train
72,A,3922,3.1,619,39,0.388,estable,0.316,1,train
73,A,6569,7.2,588,47,0.238,autonomo,0.228,0,train
74,A,5497,1.1,664,32,0.634,estable,0.296,1,auditoria
75,B,5271,1.9,787,29,0.431,autonomo,0.411,0,train
76,B,4288,1.2,591,43,0.58,estable,0.523,1,train
77,A,8673,10.7,710,44,0.368,autonomo,0.159,0,train
78,A,7892,10.5,588,21,0.367,estable,0.389,0,auditoria
79,B,4903,2.4,626,34,0.312,temporal,0.371,0,train
80,A,7951,3.7,699,22,0.022,autonomo,0.132,0,auditoria
81,A,5816,4.8,645,66,0.375,estable,0.372,0,train
82,B,2582,1.8,632,39,0.579,temporal,0.556,0,train
83,B,7055,1.0,510,39,0.844,estable,0.32,0,auditoria
84,A,6552,5.2,527,43,0.038,estable,0.18,1,auditoria
85,B,7657,12.9,713,45,0.507,temporal,0.331,0,auditoria
86,A,6625,3.3,620,48,0.555,temporal,0.117,0,train
87,B,6186,2.2,593,50,0.159,estable,0.277,0,train
88,B,4273,0.5,550,35,0.755,temporal,0.293,0,train
89,A,5353,9.0,665,43,0.299,estable,0.327,0,train
90,B,7286,2.8,695,32,0.519,estable,0.306,0,auditoria
91,A,5955,3.1,759,39,0.379,autonomo,0.359,0,auditoria
92,B,3171,6.7,544,32,0.606,autonomo,0.524,0,train
93,A,3933,10.6,544,22,0.325,estable,0.144,0,train
94,A,8028,0.4,712,44,0.264,estable,0.311,0,train
95,B,4420,0.9,553,21,0.606,estable,0.244,0,train
96,B,4081,3.1,644,33,0.753,temporal,0.363,0,auditoria
97,B,4981,6.8,602,36,0.443,autonomo,0.17,0,auditoria
98,B,7975,4.3,549,37,0.625,autonomo,0.352,0,auditoria
99,B,4439,1.2,677,34,0.795,estable,0.603,0,auditoria
100,B,8268,7.0,624,38,0.534,estable,0.525,0,train
101,A,6889,5.5,729,21,0.262,estable,0.02,0,train
102,A,5626,0.3,559,47,0.501,estable,0.383,0,auditoria
103,B,8041,1.6,606,53,0.487,temporal,0.472,0,auditoria
104,A,3962,5.3,732,37,0.41,estable,0.306,0,auditoria
105,A,6560,1.0,533,39,0.332,estable,0.151,0,auditoria
106,B,4059,6.9,654,38,0.608,estable,0.444,0,train
107,A,8155,0.1,635,36,0.095,estable,0.297,0,train
108,B,5071,1.0,531,57,0.507,estable,0.561,0,train
109,A,6295,8.9,646,37,0.331,estable,0.27,0,train
110,B,5037,1.7,540,37,0.485,temporal,0.307,0,train
111,B,3522,14.0,611,29,0.615,estable,0.328,0,train
112,A,6191,0.2,604,48,0.423,estable,0.285,0,auditoria
113,B,5658,3.4,537,33,0.473,temporal,0.231,0,train
114,A,8155,3.1,583,30,0.455,estable,0.293,0,auditoria
115,A,6206,0.4,758,39,0.133,estable,0.286,1,auditoria
116,A,3549,2.5,717,37,0.109,estable,0.359,0,auditoria
117,B,4091,1.9,615,26,0.534,estable,0.713,0,auditoria
118,B,3019,3.6,649,39,0.303,temporal,0.309,0,train
119,A,6193,6.5,850,38,0.073,autonomo,0.312,0,auditoria
120,A,7666,0.1,627,41,0.304,estable,0.352,0,auditoria
121,A,5046,1.8,771,40,0.341,estable,0.346,0,train
122,B,4731,0.5,574,50,0.289,estable,0.349,0,train
123,B,3165,6.0,467,44,0.397,autonomo,0.291,0,train
124,B,2270,7.3,610,44,0.634,temporal,0.245,0,auditoria
125,A,3587,3.2,593,29,0.538,autonomo,0.382,0,train
126,A,8271,4.3,720,52,0.158,estable,0.265,0,train
127,B,8036,0.1,566,38,0.767,estable,0.479,0,auditoria
128,B,3754,8.6,627,36,0.325,estable,0.345,0,train
129,A,6456,5.5,642,33,0.206,estable,0.497,0,train
130,B,6454,6.2,546,30,0.42,temporal,0.277,0,train
131,A,7006,12.3,636,43,0.354,autonomo,0.211,0,auditoria
132,A,4884,3.6,634,38,0.332,estable,0.393,0,auditoria
133,B,4861,11.7,541,35,0.435,autonomo,0.377,0,train
134,A,9445,3.4,586,42,0.51,estable,0.391,0,auditoria
135,A,6848,0.4,669,33,0.232,estable,0.131,0,train
136,A,6313,5.1,597,52,0.631,estable,0.344,0,train
137,B,2585,6.0,564,25,0.313,temporal,0.444,1,train
138,A,5570,7.9,630,49,0.298,autonomo,0.317,0,auditoria
139,A,5643,6.0,681,42,0.17,estable,0.336,0,train
140,A,6391,10.6,566,26,0.54,estable,0.558,0,auditoria
141,A,6540,13.1,716,53,0.357,estable,0.43,0,train
142,A,5142,24.6,520,37,0.074,estable,0.109,0,train
143,A,5654,8.0,522,41,0.336,temporal,0.287,0,auditoria
144,B,6145,1.8,566,47,0.678,estable,0.358,0,train
145,B,5219,2.4,524,34,0.525,autonomo,0.274,0,auditoria
146,A,5363,25.0,570,35,0.2,temporal,0.36,0,train
147,B,3304,4.8,547,35,0.382,temporal,0.432,0,train
148,B,6261,2.0,662,41,0.14,estable,0.669,0,train
149,A,7976,0.9,795,40,0.196,autonomo,0.621,0,auditoria
150,A,4652,12.7,689,43,0.351,autonomo,0.252,0,auditoria
151,A,8362,2.4,779,38,0.311,temporal,0.343,0,train
152,A,7476,13.4,575,55,0.169,estable,0.425,0,train
153,B,4370,6.0,561,38,0.704,estable,0.429,0,train
154,B,7626,6.4,609,31,0.625,estable,0.375,0,train
155,A,5875,1.4,612,44,0.279,estable,0.371,0,train
156,A,8628,5.6,651,56,0.14,estable,0.02,0,train
157,A,2552,4.5,839,41,0.159,autonomo,0.425,0,auditoria
158,A,6657,5.0,663,56,0.125,estable,0.134,0,auditoria
159,B,5986,0.4,607,42,0.163,estable,0.305,0,auditoria
160,A,6658,5.5,611,28,0.396,estable,0.267,0,train
161,A,6007,1.3,771,39,0.354,estable,0.411,1,train
162,B,6590,3.7,647,44,0.171,estable,0.422,0,train
163,A,6880,2.6,649,50,0.68,estable,0.303,0,train
164,B,2170,2.2,660,34,0.103,temporal,0.51,0,train
165,A,7287,0.1,663,36,0.489,estable,0.292,0,auditoria
166,A,7273,2.3,637,39,0.123,autonomo,0.111,0,train
167,A,7065,13.1,621,39,0.491,estable,0.616,0,auditoria
168,A,7158,1.7,667,24,0.181,estable,0.472,0,train
169,A,4654,10.0,573,43,0.41,estable,0.149,0,train
170,A,6421,7.3,652,32,0.076,autonomo,0.362,0,train
171,A,7620,8.9,618,27,0.139,estable,0.422,0,auditoria
172,B,3010,6.5,452,23,0.49,temporal,0.434,0,train
173,A,7525,0.2,563,43,0.291,estable,0.437,0,train
174,B,4280,0.1,612,30,0.425,temporal,0.593,0,train
175,A,4771,1.5,729,57,0.308,estable,0.407,0,auditoria
176,A,5305,0.5,647,39,0.495,estable,0.163,0,auditoria
177,B,5507,1.3,669,40,0.394,temporal,0.491,0,auditoria
178,A,2565,1.1,622,39,0.252,estable,0.43,0,train
179,A,3347,5.7,698,42,0.345,estable,0.361,0,train
180,A,5995,7.2,689,48,0.318,estable,0.26,0,auditoria
181,B,5332,9.0,561,55,0.441,autonomo,0.02,0,train
182,B,3809,1.8,620,35,0.241,estable,0.599,0,train
183,B,3795,2.9,594,41,0.698,autonomo,0.179,0,train
184,B,5788,8.7,523,49,0.358,estable,0.248,0,auditoria
185,B,2786,3.8,625,41,0.072,estable,0.681,0,train
186,B,7322,0.4,537,37,0.274,estable,0.586,0,train
187,A,8684,2.9,697,34,0.323,estable,0.564,0,train
188,B,6074,6.3,623,29,0.277,estable,0.617,0,auditoria
189,A,5819,6.1,559,63,0.168,estable,0.308,0,auditoria
190,B,7441,2.1,666,23,0.26,autonomo,0.119,0,auditoria
191,A,3866,0.7,616,42,0.15,estable,0.164,0,auditoria
192,A,6941,2.5,600,37,0.204,estable,0.324,0,train
193,B,6530,4.9,650,25,0.586,temporal,0.262,0,auditoria
194,A,10778,9.6,509,36,0.104,estable,0.432,0,train
195,B,8117,5.0,684,42,0.826,estable,0.159,0,train
196,B,6255,0.8,605,51,0.162,estable,0.295,0,auditoria
197,A,3850,2.2,616,35,0.383,estable,0.186,1,train
198,B,7082,0.8,577,37,0.282,estable,0.707,1,train
199,A,6696,19.1,612,23,0.077,autonomo,0.42,0,auditoria
200,B,5967,9.8,589,45,0.415,estable,0.121,0,auditoria
201,A,3481,7.3,596,41,0.259,estable,0.02,0,auditoria
202,A,5489,2.2,683,51,0.372,estable,0.02,0,train
203,A,7731,5.5,677,41,0.339,temporal,0.521,1,train
204,B,3846,0.4,581,36,0.099,estable,0.26,0,train
205,A,7396,1.1,684,45,0.167,estable,0.449,0,train
206,A,8947,13.9,705,41,0.272,estable,0.447,0,train
207,B,7977,2.1,609,25,0.1,autonomo,0.35,0,train
208,A,6554,0.5,713,52,0.237,estable,0.123,0,auditoria
209,A,6670,6.0,570,46,0.304,estable,0.248,0,train
210,B,1942,8.4,668,46,0.285,autonomo,0.532,0,train
211,A,6087,0.1,675,33,0.25,estable,0.1,0,train
212,B,4974,1.2,569,37,0.802,estable,0.474,0,auditoria
213,A,7866,4.3,682,45,0.398,estable,0.345,0,auditoria
214,B,8261,2.7,651,35,0.382,estable,0.241,0,train
215,A,7388,2.8,732,37,0.229,estable,0.528,0,auditoria
216,B,4665,1.0,528,50,0.268,estable,0.334,0,train
217,B,2626,5.4,602,46,0.47,estable,0.375,0,train
218,B,4536,6.7,644,54,0.345,estable,0.211,0,train
219,B,4670,0.6,600,43,0.372,autonomo,0.525,1,train
220,A,2976,1.8,586,36,0.447,autonomo,0.203,1,train
221,A,6977,0.4,790,48,0.218,estable,0.518,0,auditoria
222,A,7604,4.3,657,39,0.304,estable,0.325,0,train
223,B,5756,4.4,531,25,0.5,estable,0.542,0,auditoria
224,A,6220,0.8,733,44,0.214,estable,0.362,0,train
225,B,5740,6.1,659,41,0.627,temporal,0.431,0,train
226,A,5714,0.4,515,46,0.124,temporal,0.386,0,train
227,B,6848,0.6,585,52,0.367,estable,0.156,0,train
228,B,8904,0.5,657,56,0.306,autonomo,0.492,0,auditoria
229,A,6936,0.7,634,35,0.424,estable,0.588,0,train
230,A,4833,0.1,618,42,0.314,temporal,0.495,0,train
231,A,6612,3.4,646,44,0.194,estable,0.431,0,auditoria
232,A,4708,7.6,606,45,0.391,estable,0.14,0,auditoria
233,A,5503,0.9,590,38,0.37,estable,0.401,0,train
234,A,7091,19.9,562,33,0.166,temporal,0.506,0,auditoria
235,A,8059,3.3,716,39,0.262,estable,0.283,0,train
236,A,6267,1.3,564,43,0.232,estable,0.416,0,train
237,A,6286,0.1,612,27,0.253,autonomo,0.156,0,train
238,B,6120,5.6,577,23,0.229,estable,0.206,0,train
239,B,4294,3.2,632,44,0.621,autonomo,0.474,1,auditoria
240,B,7020,0.8,709,25,0.762,temporal,0.34,0,train
241,A,4036,2.4,601,31,0.559,temporal,0.449,0,train
242,A,4366,5.4,718,42,0.099,estable,0.205,0,train
243,B,4440,0.9,638,32,0.401,temporal,0.141,0,train
244,A,9633,2.4,701,26,0.674,autonomo,0.223,0,train
245,B,5352,4.9,546,27,0.456,temporal,0.31,1,auditoria
246,B,6244,2.9,741,38,0.387,temporal,0.405,0,train
247,A,6736,1.3,684,37,0.412,estable,0.416,0,auditoria
248,B,4327,2.2,725,41,0.329,autonomo,0.245,0,auditoria
249,A,5281,0.9,663,47,0.406,estable,0.547,0,auditoria
250,A,5418,1.3,614,36,0.238,estable,0.333,0,train
251,B,4095,5.6,518,29,0.536,estable,0.467,1,train
252,B,3705,5.7,593,21,0.564,autonomo,0.433,0,train
253,B,10339,1.7,455,53,0.765,estable,0.445,0,auditoria
254,A,8089,1.9,685,36,0.471,estable,0.02,0,train
255,B,2447,13.9,568,27,0.668,autonomo,0.44,0,train
256,B,5812,2.2,632,34,0.486,autonomo,0.38,0,auditoria
257,B,9092,2.8,670,34,0.433,estable,0.414,0,auditoria
258,A,5204,0.4,681,36,0.228,autonomo,0.02,0,train
259,A,8706,1.1,673,46,0.402,autonomo,0.234,0,train
260,B,4919,5.6,585,39,0.235,temporal,0.543,0,train
261,A,9320,2.2,597,46,0.074,autonomo,0.512,0,auditoria
262,B,4634,5.0,673,54,0.338,estable,0.216,0,train
263,A,3766,1.7,590,39,0.259,estable,0.325,0,auditoria
264,B,3167,1.3,643,44,0.361,autonomo,0.351,0,train
265,A,4449,8.9,574,25,0.185,autonomo,0.46,0,train
266,A,4773,0.5,797,61,0.157,estable,0.341,0,auditoria
267,B,3779,2.1,488,50,0.492,estable,0.402,0,train
268,B,5780,0.2,602,21,0.379,estable,0.621,0,auditoria
269,A,7268,3.2,711,21,0.02,autonomo,0.591,0,train
270,B,5080,5.5,621,42,0.724,estable,0.557,0,auditoria
271,B,7522,2.8,617,40,0.204,temporal,0.438,0,train
272,A,5601,9.0,658,52,0.434,estable,0.243,0,train
273,B,6238,16.3,699,32,0.707,temporal,0.288,0,auditoria
274,A,5676,0.7,650,40,0.731,estable,0.29,1,train
275,B,6051,1.4,613,32,0.378,estable,0.432,0,train
276,A,6728,4.0,753,43,0.46,estable,0.268,0,train
277,B,4532,1.6,630,26,0.187,estable,0.442,0,train
278,A,5878,0.9,718,32,0.109,autonomo,0.48,0,auditoria
279,A,6719,1.6,620,36,0.226,estable,0.249,0,auditoria
280,A,5804,1.8,729,42,0.141,estable,0.088,0,train
281,A,4723,6.9,684,31,0.123,estable,0.38,0,auditoria
282,A,10156,10.8,717,40,0.199,estable,0.464,0,auditoria
283,B,6993,1.0,499,28,0.494,estable,0.424,0,train
284,B,4160,0.6,667,38,0.27,temporal,0.447,1,auditoria
285,A,2394,2.1,650,30,0.404,autonomo,0.288,0,auditoria
286,A,8926,5.4,684,21,0.284,estable,0.459,0,train
287,B,8818,3.4,528,30,0.151,autonomo,0.54,0,train
288,A,6668,17.2,825,40,0.723,estable,0.398,0,train
289,A,6082,5.2,673,40,0.147,temporal,0.252,0,train
290,B,7650,8.9,617,29,0.552,estable,0.112,0,auditoria
291,A,6264,5.4,685,48,0.132,estable,0.333,1,train
292,A,5451,15.7,656,37,0.576,autonomo,0.498,0,train
293,B,2402,0.7,584,32,0.47,estable,0.483,0,auditoria
294,A,6836,8.4,678,44,0.203,autonomo,0.576,0,auditoria
295,A,6164,4.4,709,40,0.173,estable,0.244,0,auditoria
296,B,3817,5.8,660,39,0.674,temporal,0.492,0,train
297,A,8502,6.3,615,43,0.501,estable,0.248,0,train
298,B,2179,16.2,516,26,0.35,estable,0.444,0,train
299,B,6213,1.7,741,41,0.628,autonomo,0.334,1,train
300,B,4811,0.5,615,26,0.292,temporal,0.422,0,train
301,B,3013,1.8,584,36,0.557,estable,0.462,0,auditoria
302,B,3883,3.7,589,28,0.635,estable,0.435,0,auditoria
303,B,4230,0.2,624,38,0.359,temporal,0.268,0,auditoria
304,A,8415,0.1,828,43,0.262,estable,0.422,0,train
305,B,7405,11.3,695,45,0.535,autonomo,0.163,0,train
306,A,7504,0.3,703,41,0.06,estable,0.05,0,auditoria
307,B,7692,0.9,579,45,0.417,temporal,0.554,0,train
308,B,3231,0.2,461,42,0.723,temporal,0.541,0,train
309,B,3992,1.4,656,40,0.06,estable,0.258,0,auditoria
310,B,8846,4.4,601,35,0.199,estable,0.561,0,train
311,B,8566,0.1,673,29,0.169,autonomo,0.473,0,train
312,A,6980,0.1,699,31,0.112,estable,0.609,0,train
313,A,9353,5.3,685,50,0.634,estable,0.43,0,train
314,A,7462,4.4,632,30,0.231,autonomo,0.612,0,train
315,B,9464,1.5,603,42,0.459,autonomo,0.427,0,auditoria
316,B,6027,0.3,672,21,0.384,estable,0.219,0,train
317,B,9866,1.7,507,35,0.288,estable,0.697,0,auditoria
318,A,4052,0.5,556,35,0.334,estable,0.595,0,train
319,A,7490,6.9,727,60,0.045,autonomo,0.197,0,auditoria
320,B,8035,6.2,648,24,0.261,temporal,0.529,0,auditoria
321,B,6402,2.9,644,39,0.616,estable,0.464,0,train
322,A,4545,2.6,678,57,0.474,autonomo,0.391,0,auditoria
323,A,6987,20.4,633,35,0.133,temporal,0.433,0,train
324,A,4255,3.2,642,42,0.253,estable,0.435,0,train
325,A,9130,2.8,553,48,0.4,estable,0.385,1,auditoria
326,A,8313,2.3,599,46,0.068,autonomo,0.496,0,train
327,B,3806,10.6,503,41,0.696,estable,0.393,1,auditoria
328,A,5508,0.1,519,44,0.518,estable,0.262,0,train
329,B,3244,15.8,634,35,0.299,estable,0.444,0,train
330,A,2966,11.9,697,44,0.335,estable,0.223,0,auditoria
331,B,3150,0.6,455,42,0.547,autonomo,0.492,1,train
332,B,3067,4.8,572,43,0.248,estable,0.405,0,train
333,A,6147,5.5,683,33,0.422,estable,0.124,0,auditoria
334,A,8106,0.2,627,44,0.345,autonomo,0.726,0,auditoria
335,B,9357,1.7,741,42,0.539,estable,0.438,0,train
336,B,3832,7.0,517,61,0.257,temporal,0.48,0,train
337,A,8179,2.2,668,39,0.634,estable,0.305,0,train
338,B,4861,3.1,609,48,0.262,autonomo,0.469,0,train
339,B,5873,4.5,654,46,0.359,temporal,0.315,0,auditoria
340,A,9980,7.7,649,53,0.12,autonomo,0.255,0,auditoria
341,B,6626,2.7,737,40,0.344,autonomo,0.619,0,train
342,B,5723,0.1,561,37,0.402,autonomo,0.766,1,train
343,A,3262,13.4,707,42,0.209,estable,0.145,0,auditoria
344,B,3903,10.5,565,43,0.25,temporal,0.361,0,auditoria
345,A,5891,2.0,698,39,0.117,autonomo,0.435,0,train
346,B,5157,0.9,650,33,0.453,estable,0.281,0,train
347,A,6934,11.5,691,39,0.573,temporal,0.309,0,train
348,B,5327,4.4,682,45,0.193,estable,0.337,0,train
349,B,4182,3.7,692,43,0.571,autonomo,0.461,1,auditoria
350,B,6813,3.5,518,48,0.157,estable,0.213,0,train
351,A,4166,9.2,591,42,0.267,autonomo,0.365,0,train
352,B,5067,2.3,525,23,0.334,estable,0.218,0,train
353,A,9241,20.0,583,28,0.219,estable,0.433,0,train
354,B,4132,1.4,585,36,0.561,temporal,0.606,0,train
355,B,8427,1.6,657,44,0.335,autonomo,0.456,0,train
356,A,3423,9.3,607,33,0.499,estable,0.305,0,train
357,A,8877,3.3,786,50,0.244,autonomo,0.301,0,train
358,B,6493,3.7,617,28,0.554,temporal,0.379,0,train
359,A,7053,0.7,576,26,0.253,autonomo,0.02,0,train
360,A,6488,7.5,661,22,0.356,estable,0.328,0,train
361,A,8284,0.1,668,61,0.048,estable,0.376,0,auditoria
362,A,8431,12.8,646,36,0.451,estable,0.472,0,train
363,A,3179,6.1,551,53,0.164,temporal,0.309,0,auditoria
364,A,7391,7.4,654,40,0.385,estable,0.264,0,train
365,B,4049,0.1,552,30,0.471,autonomo,0.443,0,train
366,A,6380,6.0,741,46,0.18,estable,0.126,0,train
367,A,5145,11.0,681,43,0.408,estable,0.469,0,auditoria
368,A,5266,7.2,473,37,0.253,estable,0.306,0,train
369,A,3866,3.5,741,42,0.256,estable,0.109,0,auditoria
370,A,8038,6.7,607,55,0.22,estable,0.33,0,train
371,B,3634,4.7,701,33,0.291,temporal,0.368,0,train
372,A,5147,5.2,564,36,0.47,estable,0.235,0,train
373,B,6495,0.5,545,50,0.249,autonomo,0.164,0,train
374,B,6073,6.9,540,27,0.664,estable,0.204,0,auditoria
375,A,4088,4.2,612,51,0.206,autonomo,0.45,0,auditoria
376,A,6984,7.4,693,44,0.121,estable,0.357,0,train
377,A,7817,5.7,654,40,0.237,estable,0.02,0,auditoria
378,B,8577,3.1,745,43,0.173,estable,0.306,0,train
379,A,2576,0.6,724,34,0.409,estable,0.213,0,train
380,A,8626,0.1,674,34,0.172,estable,0.235,0,train
381,A,6750,0.1,668,40,0.361,estable,0.35,0,auditoria
382,B,4496,4.0,670,39,0.652,estable,0.369,1,train
383,A,6422,6.0,768,38,0.038,estable,0.077,0,train
384,B,7610,7.8,613,28,0.279,estable,0.386,0,train
385,B,1234,12.6,511,39,0.672,temporal,0.47,0,train
386,A,8941,4.2,620,34,0.074,estable,0.02,0,train
387,A,6363,1.3,712,42,0.445,estable,0.402,0,auditoria
388,B,3489,0.4,499,48,0.529,temporal,0.231,0,train
389,A,6187,4.3,633,27,0.727,estable,0.355,0,auditoria
390,B,7426,0.1,648,24,0.596,temporal,0.34,0,train
391,B,6318,0.7,601,21,0.499,autonomo,0.387,0,train
392,A,5206,18.7,682,42,0.584,estable,0.25,0,auditoria
393,B,4874,5.5,583,46,0.33,estable,0.306,0,train
394,A,7939,12.2,682,55,0.229,autonomo,0.519,0,train
395,B,2156,0.1,698,39,0.303,temporal,0.402,0,train
396,A,6471,7.2,576,52,0.162,estable,0.172,0,train
397,B,4356,4.2,589,29,0.292,estable,0.308,0,auditoria
398,B,2313,0.3,584,40,0.186,autonomo,0.42,0,train
399,A,7019,9.2,678,47,0.361,estable,0.537,0,auditoria
400,A,6939,8.8,684,43,0.654,estable,0.386,0,train
401,B,4434,8.2,575,43,0.598,temporal,0.315,0,auditoria
402,A,4617,2.0,580,53,0.322,autonomo,0.202,0,train
403,A,3678,2.3,657,28,0.407,autonomo,0.46,0,auditoria
404,A,6632,6.9,517,58,0.463,autonomo,0.561,0,train
405,B,3795,0.4,645,36,0.467,temporal,0.426,0,train
406,A,7047,3.9,599,48,0.297,estable,0.413,0,auditoria
407,A,6936,3.9,588,47,0.396,temporal,0.403,0,train
408,B,4669,4.4,589,35,0.342,estable,0.4,0,train
409,A,7490,7.2,683,40,0.222,autonomo,0.311,0,auditoria
410,A,4764,2.1,583,25,0.137,estable,0.495,0,train
411,A,8665,1.6,602,35,0.579,estable,0.537,0,train
412,A,8612,13.6,737,39,0.184,estable,0.351,0,train
413,A,5045,2.7,679,39,0.223,estable,0.298,0,auditoria
414,B,6502,1.8,615,47,0.412,estable,0.489,0,train
415,B,4235,0.4,665,32,0.85,temporal,0.053,0,train
416,B,5359,1.4,577,39,0.518,autonomo,0.307,1,train
417,A,10739,4.7,675,46,0.46,estable,0.246,0,auditoria
418,A,7251,1.1,739,27,0.137,estable,0.337,0,train
419,B,7880,1.4,589,34,0.385,autonomo,0.381,0,train
420,A,3191,2.2,577,22,0.038,estable,0.322,0,train
421,B,3431,3.2,531,23,0.605,temporal,0.173,1,auditoria
422,A,5523,3.1,541,48,0.344,estable,0.345,1,train
423,B,4286,3.8,633,36,0.167,estable,0.349,0,train
424,B,6037,0.7,568,25,0.37,estable,0.176,0,train
425,B,6108,1.3,667,39,0.181,temporal,0.343,0,train
426,A,5882,2.8,597,42,0.445,temporal,0.22,0,train
427,B,4363,0.1,611,24,0.37,estable,0.511,0,auditoria
428,A,6393,3.1,608,46,0.498,estable,0.188,0,auditoria
429,A,6491,10.1,635,36,0.168,estable,0.363,0,auditoria
430,B,10400,1.6,674,39,0.324,estable,0.53,0,auditoria
431,A,5019,1.6,575,21,0.303,temporal,0.42,0,train
432,A,4848,6.0,711,25,0.3,autonomo,0.448,0,train
433,A,7723,0.7,607,42,0.308,estable,0.286,0,train
434,A,10621,4.9,612,21,0.214,temporal,0.489,1,train
435,B,1200,0.1,585,33,0.123,estable,0.264,0,auditoria
436,A,4785,0.3,680,43,0.617,temporal,0.304,0,train
437,A,7517,0.8,613,32,0.228,autonomo,0.228,0,auditoria
438,A,6461,0.1,740,29,0.371,estable,0.063,0,auditoria
439,A,7668,4.0,596,28,0.412,autonomo,0.237,0,auditoria
440,A,7138,4.2,715,44,0.404,autonomo,0.397,0,train
441,B,5712,3.3,585,55,0.221,autonomo,0.457,0,auditoria
442,A,7638,6.2,557,52,0.267,autonomo,0.297,0,auditoria
443,B,2923,2.4,561,55,0.489,estable,0.565,1,train
444,A,5745,5.6,571,36,0.298,estable,0.161,0,auditoria
445,B,3284,1.8,656,38,0.423,estable,0.219,0,train
446,B,5359,5.3,653,23,0.585,temporal,0.344,0,train
447,A,8982,2.5,696,39,0.252,autonomo,0.343,0,train
448,A,7044,15.2,670,32,0.372,autonomo,0.465,0,train
449,A,1965,2.4,705,47,0.223,temporal,0.474,0,train
450,B,4111,1.5,693,32,0.302,estable,0.559,0,train
451,B,7073,3.1,628,21,0.573,temporal,0.166,0,train
452,B,3164,9.3,616,40,0.504,estable,0.45,1,auditoria
453,B,5012,0.5,664,39,0.344,autonomo,0.577,0,train
454,A,4937,4.1,644,29,0.103,autonomo,0.178,0,train
455,A,3531,4.6,724,38,0.279,estable,0.391,0,train
456,B,3679,2.1,620,45,0.454,temporal,0.231,0,train
457,A,4768,4.7,712,28,0.086,estable,0.568,0,train
458,B,4291,8.1,609,27,0.216,estable,0.646,0,train
459,A,5828,3.4,721,21,0.172,estable,0.331,0,train
460,A,8083,7.8,616,35,0.453,autonomo,0.211,0,auditoria
461,A,7575,6.6,738,38,0.349,autonomo,0.354,0,train
462,A,7078,4.2,603,36,0.157,estable,0.59,0,train
463,A,6418,3.0,640,32,0.499,estable,0.404,0,auditoria
464,A,6920,7.4,695,29,0.128,estable,0.323,0,auditoria
465,A,5229,1.7,713,37,0.14,estable,0.499,0,train
466,B,3462,9.9,650,57,0.369,estable,0.452,0,auditoria
467,A,5551,3.3,740,37,0.004,estable,0.051,0,auditoria
468,B,5821,4.4,583,40,0.37,autonomo,0.535,1,auditoria
469,B,5357,1.4,585,43,0.574,autonomo,0.32,0,auditoria
470,A,9684,8.3,599,51,0.35,autonomo,0.222,0,train
471,B,5982,3.0,657,25,0.726,temporal,0.391,0,train
472,A,8518,19.3,650,52,0.386,temporal,0.39,0,train
473,A,7154,4.5,751,25,0.187,estable,0.259,0,auditoria
474,A,5978,4.9,688,52,0.059,estable,0.249,0,auditoria
475,A,9520,1.5,788,38,0.413,autonomo,0.242,0,train
476,A,6561,3.4,508,45,0.406,estable,0.456,0,auditoria
477,A,6339,0.1,555,35,0.192,estable,0.698,0,train
478,A,5893,1.8,657,44,0.289,estable,0.352,0,train
479,A,8962,2.7,664,31,0.417,estable,0.187,0,auditoria
480,A,6645,5.7,701,33,0.086,temporal,0.271,0,auditoria
481,A,6285,0.8,604,42,0.587,temporal,0.314,0,train
482,B,3478,3.5,522,21,0.338,temporal,0.566,0,train
483,A,6947,8.5,650,42,0.248,estable,0.175,0,auditoria
484,A,8867,4.0,534,33,0.153,estable,0.187,0,auditoria
485,B,4990,0.1,656,29,0.508,estable,0.289,0,train
486,B,7533,0.1,699,33,0.41,estable,0.133,0,train
487,B,2138,4.2,679,38,0.427,autonomo,0.179,0,train
488,B,7087,1.3,681,32,0.227,autonomo,0.402,0,train
489,A,4046,4.8,560,40,0.096,estable,0.294,1,train
490,A,4542,20.7,696,21,0.638,autonomo,0.505,0,train
491,A,4471,1.1,598,43,0.24,estable,0.216,0,train
492,B,4364,0.7,555,29,0.205,temporal,0.214,0,train
493,B,6969,6.4,476,38,0.404,autonomo,0.582,0,train
494,A,6415,4.1,677,43,0.5,estable,0.313,0,train
495,A,8440,0.2,591,39,0.082,estable,0.425,0,train
496,A,4479,5.6,708,66,0.102,estable,0.367,0,train
497,B,8676,2.7,673,44,0.601,estable,0.401,0,auditoria
498,B,4952,3.5,631,29,0.713,temporal,0.453,0,train
499,B,7799,0.5,699,22,0.577,temporal,0.436,0,auditoria
500,B,7822,0.1,563,41,0.774,temporal,0.477,0,train
501,B,8605,3.6,610,43,0.225,temporal,0.529,0,auditoria
502,A,9569,2.3,669,41,0.17,autonomo,0.314,0,auditoria
503,A,7832,8.1,666,46,0.407,estable,0.248,0,train
504,B,7645,4.3,587,21,0.392,autonomo,0.65,0,train
505,B,5376,1.5,732,37,0.16,estable,0.548,0,train
506,A,7861,3.3,713,32,0.093,autonomo,0.317,0,train
507,A,6599,15.1,673,46,0.028,estable,0.466,0,train
508,A,4378,4.6,714,37,0.579,autonomo,0.112,0,train
509,A,4600,3.1,620,31,0.189,autonomo,0.305,0,train
510,B,6080,11.9,684,24,0.683,estable,0.214,0,auditoria
511,A,5918,5.8,574,24,0.031,estable,0.037,0,train
512,B,4637,2.3,569,32,0.422,autonomo,0.386,0,train
513,A,3050,0.2,681,46,0.237,estable,0.161,0,train
514,A,9545,9.6,724,47,0.345,estable,0.534,0,train
515,A,8498,2.0,660,49,0.498,estable,0.373,0,train
516,A,9362,4.1,722,36,0.2,estable,0.441,0,auditoria
517,B,4359,3.7,570,43,0.539,autonomo,0.392,0,auditoria
518,A,5978,1.0,633,46,0.374,estable,0.368,0,auditoria
519,B,6210,0.3,625,31,0.578,temporal,0.262,0,train
520,B,4850,3.4,794,45,0.908,estable,0.368,0,train
521,B,4557,4.2,721,21,0.565,temporal,0.408,0,train
522,A,8664,15.6,638,47,0.044,estable,0.279,0,auditoria
523,B,4550,2.6,625,34,0.261,estable,0.385,0,train
524,A,3099,2.0,724,41,0.243,estable,0.147,0,train
525,B,6819,2.4,639,24,0.133,estable,0.437,0,train
526,A,7782,0.1,663,48,0.255,estable,0.387,0,train
527,A,5854,2.0,634,29,0.262,estable,0.516,0,auditoria
528,B,3874,0.6,706,31,0.652,autonomo,0.629,0,train
529,A,6598,0.8,757,29,0.289,autonomo,0.342,0,train
530,A,5436,5.5,577,28,0.519,estable,0.212,0,train
531,A,8605,2.4,688,23,0.267,autonomo,0.359,0,auditoria
532,B,3296,3.7,613,48,0.479,temporal,0.193,0,train
533,A,7798,0.9,692,43,0.277,estable,0.124,0,train
534,A,4235,6.5,655,25,0.325,autonomo,0.249,0,train
535,B,6404,2.1,633,31,0.314,temporal,0.319,0,auditoria
536,B,10066,3.9,584,46,0.28,estable,0.304,0,auditoria
537,A,8276,5.4,653,47,0.135,autonomo,0.469,0,auditoria
538,A,7319,5.9,592,35,0.034,autonomo,0.528,0,auditoria
539,A,6896,0.2,635,21,0.19,estable,0.2,1,train
540,A,5017,12.1,668,38,0.44,temporal,0.363,0,train
541,A,6887,3.3,606,48,0.364,estable,0.402,0,train
542,B,4542,9.6,692,38,0.494,temporal,0.501,0,train
543,B,5471,1.4,651,41,0.14,estable,0.482,0,auditoria
544,B,5597,2.6,621,43,0.599,temporal,0.248,0,auditoria
545,A,8431,15.0,641,31,0.202,autonomo,0.41,0,train
546,B,4074,1.6,588,44,0.597,estable,0.439,0,train
547,B,5673,0.3,624,34,0.588,estable,0.691,0,train
548,A,8095,13.1,649,45,0.532,estable,0.411,0,train
549,A,6855,3.8,641,34,0.576,autonomo,0.332,0,train
550,B,1948,1.5,651,46,0.761,estable,0.058,0,train
551,A,8532,3.0,465,43,0.151,estable,0.354,0,train
552,A,2726,2.5,535,41,0.175,estable,0.298,0,train
553,B,7671,1.4,665,31,0.218,autonomo,0.345,0,train
554,B,4203,3.7,604,29,0.718,temporal,0.359,0,auditoria
555,B,5528,4.1,543,26,0.46,temporal,0.386,0,train
556,B,4831,4.3,689,42,0.331,autonomo,0.535,0,train
557,B,8121,2.3,631,33,0.386,autonomo,0.75,0,train
558,A,4863,5.0,733,50,0.427,autonomo,0.268,0,auditoria
559,B,4628,9.5,591,40,0.532,temporal,0.31,0,train
560,B,6491,9.1,723,23,0.663,estable,0.315,0,train
561,B,3744,2.8,564,43,0.581,autonomo,0.202,0,auditoria
562,A,6285,0.6,543,30,0.145,estable,0.507,0,auditoria
563,A,4856,10.8,644,30,0.273,autonomo,0.199,0,auditoria
564,A,7241,2.2,830,44,0.156,estable,0.199,0,train
565,B,4411,0.2,543,21,0.291,temporal,0.527,0,train
566,B,3999,2.0,624,42,0.326,estable,0.363,0,auditoria
567,A,5087,1.2,535,21,0.317,estable,0.119,0,train
568,B,5122,0.7,591,42,0.199,temporal,0.613,1,train
569,A,5149,8.4,617,42,0.237,estable,0.356,0,train
570,A,6209,3.1,665,54,0.184,estable,0.247,0,train
571,A,8479,1.0,536,37,0.26,estable,0.437,0,train
572,B,3182,6.4,549,42,0.507,autonomo,0.417,0,auditoria
573,B,6810,3.2,494,37,0.619,estable,0.207,0,train
574,B,3621,12.6,557,37,0.419,temporal,0.297,0,train
575,A,6620,0.7,528,45,0.463,estable,0.439,0,auditoria
576,A,10198,2.6,613,33,0.301,estable,0.235,0,train
577,A,7000,3.4,661,43,0.177,estable,0.388,0,train
578,B,7491,1.7,531,38,0.397,estable,0.464,0,auditoria
579,B,6442,1.0,560,49,0.402,temporal,0.471,0,train
580,A,8179,0.9,701,37,0.406,estable,0.099,0,auditoria
581,B,4696,3.2,552,31,0.483,autonomo,0.357,1,train
582,A,7397,6.0,697,35,0.402,estable,0.565,0,auditoria
583,B,5823,2.6,616,48,0.247,estable,0.46,0,auditoria
584,A,6095,10.4,692,40,0.525,estable,0.408,0,train
585,A,4520,0.5,534,32,0.53,estable,0.55,0,train
586,A,5902,2.5,660,45,0.24,estable,0.336,0,train
587,A,4738,4.9,692,44,0.229,estable,0.614,0,auditoria
588,A,8216,1.2,672,37,0.271,estable,0.115,0,train
589,A,4881,11.6,676,24,0.156,autonomo,0.342,0,auditoria
590,B,5510,6.1,699,31,0.77,temporal,0.603,0,train
591,B,6291,1.0,559,25,0.573,estable,0.544,0,train
592,A,6425,5.9,560,53,0.023,estable,0.349,0,train
593,B,3184,0.1,626,46,0.463,estable,0.662,0,auditoria
594,B,7744,0.4,593,38,0.293,estable,0.367,0,auditoria
595,B,5113,3.1,535,39,0.245,autonomo,0.411,0,train
596,B,4948,0.5,665,36,0.284,temporal,0.256,0,auditoria
597,B,3494,2.1,645,36,0.697,temporal,0.464,0,train
598,B,5732,0.3,513,21,0.459,autonomo,0.185,0,auditoria
599,A,4587,3.9,583,47,0.277,estable,0.521,1,train
600,B,6214,3.7,566,37,0.644,autonomo,0.411,0,auditoria
601,B,7367,1.3,437,22,0.624,estable,0.18,0,train
602,A,6851,15.5,707,23,0.154,estable,0.026,0,train
603,B,5742,0.3,680,33,0.179,estable,0.391,0,train
604,B,4408,3.8,714,42,0.22,estable,0.455,0,auditoria
605,B,7505,4.7,511,26,0.729,estable,0.546,0,auditoria
606,A,7004,0.1,509,34,0.238,estable,0.419,0,auditoria
607,B,5513,4.8,680,26,0.462,autonomo,0.459,0,train
608,A,5400,2.0,617,27,0.09,autonomo,0.313,0,train
609,A,8060,7.9,557,29,0.105,estable,0.266,0,train
610,A,6695,4.3,749,38,0.182,estable,0.377,0,train
611,A,5125,2.7,765,33,0.334,estable,0.357,0,auditoria
612,B,6907,1.6,656,21,0.305,temporal,0.41,0,train
613,B,3474,2.0,568,29,0.407,autonomo,0.362,1,train
614,A,8058,10.0,812,37,0.236,estable,0.438,0,train
615,A,5855,1.2,682,33,0.247,autonomo,0.297,0,train
616,A,6601,0.7,752,27,0.553,estable,0.291,1,train
617,A,4071,5.2,658,37,0.352,autonomo,0.226,0,train
618,A,8445,10.4,682,34,0.399,estable,0.184,0,train
619,A,6833,5.2,604,22,0.115,estable,0.493,1,auditoria
620,A,5860,0.7,628,30,0.181,estable,0.317,0,train
621,B,3171,3.8,557,29,0.754,temporal,0.247,0,train
622,A,9534,0.8,709,53,0.489,estable,0.224,0,auditoria
623,A,5340,9.9,678,30,0.288,temporal,0.276,0,auditoria
624,B,5723,13.4,557,39,0.516,estable,0.633,0,auditoria
625,A,5822,0.1,538,41,0.276,estable,0.459,0,train
626,A,6537,5.1,532,51,0.038,temporal,0.028,0,train
627,B,6050,0.8,545,55,0.281,estable,0.442,1,auditoria
628,A,7154,8.8,643,48,0.738,autonomo,0.226,0,auditoria
629,B,7308,1.1,618,45,0.296,temporal,0.393,0,train
630,B,4258,2.0,598,35,0.426,estable,0.02,0,auditoria
631,A,8119,4.4,540,41,0.502,autonomo,0.202,0,train
632,B,2569,2.6,582,60,0.363,estable,0.511,0,auditoria
633,B,6528,3.5,610,47,0.714,estable,0.275,0,auditoria
634,A,4377,2.7,559,34,0.206,estable,0.421,0,train
635,B,2621,3.3,508,37,0.516,autonomo,0.442,0,train
636,A,8365,5.5,773,48,0.397,estable,0.283,0,train
637,A,5244,7.8,681,43,0.061,autonomo,0.22,0,auditoria
638,A,8819,7.5,681,67,0.301,estable,0.334,0,train
639,A,5066,3.2,609,51,0.442,autonomo,0.213,0,train
640,A,6723,7.0,697,29,0.157,autonomo,0.331,0,train
641,B,8351,2.5,629,21,0.416,autonomo,0.314,1,train
642,A,3845,3.3,612,42,0.438,autonomo,0.451,1,auditoria
643,A,6903,4.0,720,26,0.375,estable,0.354,0,auditoria
644,A,4655,2.1,681,29,0.11,estable,0.318,0,auditoria
645,B,6148,1.6,609,50,0.595,temporal,0.326,0,train
646,B,5560,5.3,703,31,0.35,temporal,0.449,0,train
647,A,8212,0.2,743,38,0.24,estable,0.37,0,train
648,A,8786,1.3,623,37,0.12,estable,0.551,1,train
649,A,5165,1.7,702,45,0.239,estable,0.392,0,train
650,A,9097,1.4,554,49,0.111,autonomo,0.306,0,train
651,A,7067,2.0,623,41,0.182,estable,0.317,0,auditoria
652,B,6576,9.5,562,45,0.26,temporal,0.129,0,train
653,A,5600,0.1,627,25,0.394,estable,0.02,0,train
654,B,4603,1.1,676,35,0.505,estable,0.365,0,train
655,B,5041,4.5,521,27,0.522,temporal,0.066,1,train
656,B,3178,2.4,566,39,0.663,estable,0.403,0,train
657,A,4287,0.3,850,40,0.498,autonomo,0.382,0,auditoria
658,A,6676,4.4,570,36,0.045,estable,0.336,0,auditoria
659,A,6509,3.1,735,48,0.13,autonomo,0.291,0,train
660,A,4742,5.5,573,50,0.259,estable,0.457,0,auditoria
661,A,8250,0.5,658,32,0.142,estable,0.394,0,auditoria
662,B,8847,0.9,447,27,0.531,estable,0.448,0,train
663,A,7213,1.2,681,26,0.225,autonomo,0.467,0,train
664,B,6864,2.5,557,31,0.37,autonomo,0.681,0,train
665,B,5305,1.8,617,42,0.44,temporal,0.187,0,auditoria
666,A,6420,0.5,616,42,0.474,estable,0.192,0,train
667,A,7001,13.4,670,33,0.572,autonomo,0.129,0,auditoria
668,B,5935,0.2,701,36,0.606,autonomo,0.662,0,train
669,A,4923,6.5,595,31,0.022,estable,0.066,0,auditoria
670,B,6954,6.4,663,40,0.45,estable,0.42,0,train
671,A,6803,8.0,670,24,0.361,estable,0.02,0,train
672,A,3936,6.8,670,21,0.277,estable,0.233,0,train
673,A,5072,8.8,730,37,0.189,estable,0.415,1,auditoria
674,A,7116,2.5,698,56,0.32,estable,0.333,0,train
675,A,5879,1.9,563,41,0.405,estable,0.143,0,train
676,B,5359,1.2,467,21,0.516,temporal,0.569,0,auditoria
677,B,5693,0.1,719,44,0.502,estable,0.558,0,train
678,A,9500,12.9,619,52,0.283,autonomo,0.451,0,auditoria
679,B,2753,2.6,620,33,0.567,autonomo,0.427,0,auditoria
680,B,3407,7.4,615,35,0.694,autonomo,0.424,1,train
681,A,9342,3.7,687,22,0.379,estable,0.351,0,train
682,B,9987,2.0,490,45,0.461,autonomo,0.388,0,train
683,B,10059,0.5,698,34,0.143,autonomo,0.511,0,train
684,B,1717,0.2,557,47,0.748,estable,0.186,0,auditoria
685,B,4420,0.8,523,24,0.439,estable,0.33,0,auditoria
686,A,5618,0.9,554,35,0.1,autonomo,0.173,0,train
687,B,5345,1.4,552,21,0.546,estable,0.605,0,train
688,A,7200,3.9,595,50,0.1,estable,0.286,0,train
689,A,2274,3.4,665,27,0.182,estable,0.257,0,train
690,B,1744,2.1,680,54,0.55,temporal,0.498,0,train
691,A,6898,0.4,683,44,0.391,temporal,0.181,1,auditoria
692,A,6421,17.6,612,29,0.282,estable,0.136,0,auditoria
693,B,5505,8.7,481,26,0.282,autonomo,0.11,0,train
694,A,7103,1.3,639,48,0.319,estable,0.291,0,train
695,B,6930,6.2,725,40,0.274,temporal,0.02,0,auditoria
696,A,5921,3.9,741,26,0.123,autonomo,0.399,0,train
697,A,8130,5.6,662,57,0.227,autonomo,0.092,0,train
698,A,4923,0.2,545,30,0.209,temporal,0.463,1,auditoria
699,A,6201,0.8,548,25,0.07,estable,0.299,0,train
700,A,5363,1.3,617,46,0.086,estable,0.226,0,train
701,A,6702,0.1,693,28,0.179,temporal,0.225,0,train
702,B,7815,2.7,688,35,0.634,estable,0.52,0,auditoria
703,B,5174,8.1,541,43,0.799,temporal,0.477,0,auditoria
704,B,5491,4.3,486,31,0.716,estable,0.327,0,auditoria
705,A,8509,12.2,646,29,0.4,estable,0.231,0,train
706,A,8023,2.1,673,25,0.438,estable,0.163,0,train
707,B,3346,6.9,700,50,0.397,temporal,0.074,0,train
708,A,7239,7.7,664,39,0.113,estable,0.147,0,train
709,A,5069,6.5,570,33,0.062,autonomo,0.365,0,train
710,A,5382,0.4,596,29,0.291,estable,0.397,0,train
711,A,5919,0.1,697,31,0.451,autonomo,0.281,0,auditoria
712,B,4043,4.3,592,37,0.475,estable,0.345,0,train
713,A,6600,2.8,663,46,0.336,autonomo,0.423,0,train
714,B,2311,1.7,472,37,0.17,estable,0.5,0,train
715,A,6313,11.0,737,46,0.306,estable,0.371,0,train
716,A,5433,10.9,517,42,0.353,estable,0.576,0,auditoria
717,B,7426,10.7,559,27,0.545,estable,0.44,0,train
718,B,7092,1.4,633,39,0.406,temporal,0.386,0,auditoria
719,A,4716,2.0,573,49,0.07,autonomo,0.523,1,auditoria
720,A,8559,1.9,706,38,0.108,autonomo,0.413,0,train
721,A,10114,9.8,576,56,0.433,temporal,0.305,0,train
722,B,7138,1.9,605,40,0.396,estable,0.33,0,train
723,B,7617,1.4,683,33,0.432,estable,0.585,1,auditoria
724,B,5307,1.5,593,21,0.454,estable,0.484,0,train
725,B,9039,0.9,601,28,0.517,autonomo,0.437,0,train
726,B,7576,0.6,669,33,0.403,autonomo,0.422,0,train
727,A,4515,0.7,482,26,0.252,estable,0.491,0,train
728,B,2801,1.3,696,21,0.542,estable,0.218,0,train
729,B,4871,0.4,580,47,0.633,estable,0.344,0,auditoria
730,B,3333,1.2,642,33,0.393,autonomo,0.391,0,train
731,A,8503,1.6,746,43,0.127,estable,0.387,0,train
732,B,4615,1.2,537,50,0.414,temporal,0.652,0,train
733,A,7895,1.1,591,42,0.053,temporal,0.414,0,train
734,A,7540,18.3,655,34,0.325,estable,0.181,0,auditoria
735,A,9152,17.8,584,46,0.305,estable,0.239,1,train
736,A,5345,0.8,632,55,0.528,autonomo,0.143,0,auditoria
737,B,4850,5.6,721,36,0.169,estable,0.319,0,train
738,B,6094,3.1,425,38,0.551,temporal,0.348,1,train
739,A,4319,0.6,685,46,0.239,estable,0.328,0,auditoria
740,B,4025,1.8,446,49,0.48,temporal,0.226,0,train
741,B,6779,5.4,593,45,0.45,autonomo,0.418,0,train
742,B,5193,1.6,539,35,0.558,estable,0.376,0,train
743,A,7537,4.5,661,36,0.079,estable,0.236,0,auditoria
744,B,7596,0.3,593,41,0.211,estable,0.573,0,auditoria
745,A,5337,1.9,678,31,0.419,estable,0.522,0,auditoria
746,A,7744,0.4,820,52,0.333,estable,0.357,0,train
747,A,8002,1.0,765,36,0.418,autonomo,0.325,0,auditoria
748,B,6356,0.2,669,47,0.243,temporal,0.433,1,train
749,A,8048,2.5,743,41,0.412,estable,0.431,0,train
750,B,2084,7.1,679,53,0.183,temporal,0.34,1,auditoria
751,B,4574,3.2,555,37,0.426,autonomo,0.614,0,train
752,B,7385,0.6,705,31,0.719,estable,0.342,0,auditoria
753,A,4445,0.6,541,47,0.488,estable,0.385,0,auditoria
754,A,5182,2.4,665,24,0.09,estable,0.345,0,train
755,A,7599,0.5,704,34,0.301,estable,0.593,0,auditoria
756,A,6301,0.8,755,41,0.229,estable,0.253,0,auditoria
757,B,4876,0.6,623,49,0.131,temporal,0.215,0,train
758,A,8107,0.6,615,27,0.169,estable,0.257,1,train
759,A,4637,7.3,681,36,0.428,estable,0.33,0,auditoria
760,B,5086,10.1,630,55,0.843,autonomo,0.478,0,train
761,B,6399,0.5,673,43,0.542,autonomo,0.585,0,train
762,A,7932,1.8,750,30,0.106,estable,0.187,0,train
763,B,7894,9.2,396,45,0.166,estable,0.411,0,train
764,A,6990,2.0,720,43,0.022,estable,0.378,0,train
765,A,6073,14.4,742,35,0.259,estable,0.352,0,train
766,A,5500,3.5,592,45,0.162,estable,0.544,0,train
767,B,5281,8.0,553,43,0.529,temporal,0.236,0,train
768,A,6059,4.2,633,21,0.231,estable,0.02,0,train
769,B,6296,5.3,616,36,0.564,estable,0.41,0,train
770,B,5299,9.6,635,45,0.206,autonomo,0.525,0,train
771,B,4865,3.9,674,33,0.422,temporal,0.254,1,train
772,B,4996,2.8,527,38,0.461,temporal,0.595,1,train
773,B,5806,1.8,603,21,0.42,temporal,0.34,0,auditoria
774,B,6739,9.3,718,43,0.572,autonomo,0.482,0,train
775,B,7467,2.4,453,32,0.575,autonomo,0.535,0,auditoria
776,B,6541,4.4,644,44,0.41,estable,0.569,0,auditoria
777,A,7584,2.8,661,26,0.19,estable,0.192,0,auditoria
778,A,5934,2.7,568,42,0.284,estable,0.167,0,train
779,A,5939,5.9,622,46,0.234,estable,0.358,0,train
780,B,4479,4.4,566,38,0.698,autonomo,0.433,1,train
781,A,6532,4.5,711,58,0.339,estable,0.474,0,train
782,A,4893,6.4,680,33,0.041,autonomo,0.214,0,auditoria
783,A,8916,5.7,597,26,0.119,estable,0.502,0,train
784,A,5437,3.8,735,47,0.1,estable,0.154,0,train
785,B,4327,2.7,517,23,0.627,autonomo,0.22,0,train
786,B,5925,1.0,637,42,0.705,estable,0.473,0,auditoria
787,A,5759,4.2,629,40,0.193,estable,0.462,0,train
788,B,2184,2.7,740,32,0.397,temporal,0.369,0,train
789,B,3513,2.1,433,60,0.197,autonomo,0.466,1,auditoria
790,A,6298,3.4,730,34,0.167,autonomo,0.323,0,train
791,B,4544,3.5,605,46,0.753,estable,0.536,0,auditoria
792,B,2752,0.3,630,33,0.533,autonomo,0.526,0,train
793,A,9369,2.0,599,48,0.257,estable,0.152,0,train
794,B,5164,8.6,438,35,0.65,temporal,0.316,0,auditoria
795,B,4026,1.8,609,30,0.573,temporal,0.442,1,train
796,A,8767,2.9,604,35,0.206,estable,0.356,0,auditoria
797,B,5130,7.5,695,25,0.564,temporal,0.142,0,auditoria
798,B,4710,2.6,553,40,0.479,estable,0.29,0,train
799,A,6057,4.8,572,47,0.096,autonomo,0.249,0,auditoria
800,A,8390,0.7,682,60,0.605,autonomo,0.288,0,train
801,A,6136,2.8,617,21,0.523,estable,0.471,0,train
802,B,4982,7.8,520,23,0.719,autonomo,0.3,0,train
803,A,3626,1.5,617,40,0.294,estable,0.03,0,train
804,A,7075,0.6,580,39,0.383,autonomo,0.185,0,train
805,B,6148,4.2,631,24,0.636,estable,0.296,0,train
806,B,6569,6.7,621,52,0.224,autonomo,0.254,0,train
807,B,2522,6.6,705,21,0.246,estable,0.417,0,train
808,A,10293,7.9,621,32,0.181,estable,0.389,0,train
809,B,7029,1.0,772,23,0.273,temporal,0.208,0,train
810,A,2567,11.0,647,43,0.127,autonomo,0.276,0,auditoria
811,B,6152,25.0,639,38,0.178,temporal,0.427,0,train
812,A,7308,5.5,768,36,0.193,estable,0.58,0,train
813,A,4725,8.4,667,37,0.064,estable,0.43,0,train
814,A,6934,1.1,607,39,0.109,estable,0.428,0,auditoria
815,A,4359,0.9,615,42,0.39,autonomo,0.377,0,train
816,A,3037,0.9,754,40,0.075,estable,0.303,0,train
817,A,10970,2.8,594,30,0.256,temporal,0.328,0,train
818,A,5099,0.1,646,29,0.559,autonomo,0.381,0,auditoria
819,A,7705,0.6,627,33,0.274,estable,0.348,0,train
820,A,7013,12.5,660,49,0.32,estable,0.118,0,train
821,A,7853,1.6,626,22,0.599,estable,0.468,0,train
822,A,7429,7.6,725,27,0.138,estable,0.268,0,auditoria
823,B,4618,2.0,621,21,0.516,temporal,0.303,0,train
824,A,7991,1.6,601,48,0.177,estable,0.255,0,train
825,B,6673,1.2,581,38,0.345,estable,0.18,0,train
826,B,8422,2.8,610,34,0.656,temporal,0.394,0,train
827,A,8167,3.1,699,31,0.214,estable,0.345,0,train
828,A,6410,0.5,742,38,0.169,temporal,0.195,0,auditoria
829,B,5579,7.9,603,38,0.314,temporal,0.45,1,auditoria
830,B,4809,5.5,621,23,0.291,autonomo,0.365,0,train
831,A,6308,2.7,713,28,0.385,estable,0.149,0,train
832,A,5332,1.1,644,40,0.172,estable,0.23,0,auditoria
833,A,5927,12.4,584,44,0.225,temporal,0.169,0,auditoria
834,B,4926,6.0,562,49,0.474,temporal,0.401,1,train
835,B,2829,3.1,693,30,0.432,autonomo,0.267,0,auditoria
836,A,4342,2.2,628,28,0.449,temporal,0.262,0,auditoria
837,A,7196,2.5,612,37,0.302,autonomo,0.217,0,auditoria
838,A,9818,12.2,624,40,0.404,autonomo,0.254,0,train
839,A,9246,3.2,633,34,0.367,estable,0.664,0,train
840,A,6468,12.3,574,28,0.455,estable,0.223,0,train
841,A,5592,0.4,564,23,0.257,estable,0.167,0,train
842,B,6471,3.7,592,48,0.744,temporal,0.234,0,train
843,A,8674,2.0,660,40,0.395,estable,0.298,0,auditoria
844,B,4107,0.9,556,28,0.397,temporal,0.464,0,train
845,B,5784,1.5,572,35,0.463,autonomo,0.374,0,auditoria
846,A,6600,7.9,692,31,0.154,estable,0.169,0,auditoria
847,A,7583,1.8,698,30,0.382,autonomo,0.381,0,auditoria
848,B,10015,0.9,570,27,0.56,autonomo,0.617,0,train
849,A,3038,7.8,633,44,0.215,estable,0.103,0,train
850,B,5170,5.5,746,54,0.526,estable,0.378,0,train
851,B,6547,2.5,638,50,0.428,estable,0.328,0,auditoria
852,A,9074,4.4,489,50,0.231,autonomo,0.374,0,train
853,B,6809,11.4,589,55,0.253,estable,0.212,0,train
854,B,5594,0.1,733,24,0.378,estable,0.429,0,train
855,A,6102,2.9,708,31,0.492,estable,0.176,0,auditoria
856,A,4337,4.4,689,49,0.639,estable,0.219,0,train
857,B,5747,7.9,603,40,0.458,estable,0.415,0,auditoria
858,B,6099,1.4,535,43,0.633,estable,0.403,0,auditoria
859,A,7569,2.2,735,35,0.631,autonomo,0.403,0,train
860,B,3976,4.0,522,41,0.584,autonomo,0.481,0,train
861,B,7432,2.3,569,46,0.715,autonomo,0.409,0,train
862,A,7416,6.5,589,51,0.357,temporal,0.1,0,train
863,A,5216,0.4,604,42,0.408,temporal,0.1,0,train
864,B,3309,5.2,639,51,0.263,estable,0.26,0,train
865,A,5801,0.7,738,32,0.331,estable,0.426,0,train
866,B,4769,4.0,607,46,0.175,temporal,0.532,0,train
867,B,1492,1.0,637,36,0.333,temporal,0.074,0,auditoria
868,A,2244,12.0,642,44,0.542,estable,0.578,0,train
869,A,5273,1.8,709,38,0.569,estable,0.202,0,train
870,A,6348,0.8,583,53,0.156,estable,0.28,0,train
871,A,9597,4.4,642,42,0.142,estable,0.451,0,train
872,B,6898,1.7,614,21,0.56,autonomo,0.526,1,train
873,A,6517,1.2,515,55,0.128,estable,0.038,0,train
874,B,6596,5.3,519,55,0.504,temporal,0.192,0,auditoria
875,B,6135,0.5,802,50,0.371,estable,0.286,0,auditoria
876,A,4696,11.8,560,31,0.213,estable,0.393,0,train
877,A,7777,2.9,565,36,0.325,estable,0.393,0,auditoria
878,B,5993,1.2,825,24,0.766,autonomo,0.543,0,train
879,A,10660,3.2,644,39,0.31,autonomo,0.156,1,train
880,B,8211,10.0,585,31,0.427,temporal,0.448,0,auditoria
881,A,6074,0.3,648,48,0.558,temporal,0.398,0,auditoria
882,A,7799,1.4,612,50,0.155,estable,0.238,0,auditoria
883,B,5637,2.7,561,55,0.167,temporal,0.262,0,train
884,A,6365,7.5,609,32,0.341,estable,0.414,0,auditoria
885,A,6143,2.0,564,26,0.258,estable,0.283,0,train
886,B,4155,0.8,579,47,0.306,autonomo,0.487,1,train
887,B,7175,5.4,625,54,0.514,temporal,0.355,0,train
888,B,4904,1.4,670,40,0.589,estable,0.527,1,train
889,A,7717,5.8,647,40,0.371,autonomo,0.492,0,auditoria
890,A,7960,0.9,519,39,0.314,estable,0.413,0,train
891,A,6866,3.1,772,44,0.311,estable,0.349,0,train
892,B,4989,3.1,578,34,0.496,temporal,0.314,0,train
893,A,3342,4.0,703,41,0.085,autonomo,0.363,0,train
894,A,5458,0.2,672,42,0.527,estable,0.247,0,train
895,B,7244,1.6,599,39,0.688,autonomo,0.528,0,train
896,A,9007,17.9,560,43,0.346,autonomo,0.294,0,auditoria
897,A,4545,3.9,673,31,0.028,estable,0.419,0,auditoria
898,A,4932,0.7,616,45,0.353,temporal,0.325,1,train
899,A,9823,4.0,633,40,0.126,autonomo,0.591,1,train
900,A,5180,1.6,679,35,0.081,temporal,0.173,0,auditoria
901,B,5043,5.4,686,21,0.666,autonomo,0.228,0,train
902,A,4407,6.2,626,32,0.227,estable,0.326,0,train
903,B,4081,8.8,633,33,0.547,estable,0.411,0,auditoria
904,A,7148,3.2,628,36,0.308,estable,0.262,0,auditoria
905,B,6091,4.0,632,31,0.468,autonomo,0.455,0,train
906,A,6938,6.7,649,42,0.082,estable,0.396,0,train
907,B,7342,3.7,595,50,0.635,autonomo,0.27,0,train
908,A,5751,10.2,701,21,0.292,temporal,0.349,0,train
909,B,5102,2.2,649,28,0.236,autonomo,0.443,0,auditoria
910,A,8674,2.4,642,51,0.35,autonomo,0.113,0,train
911,A,5108,8.6,648,41,0.214,autonomo,0.43,0,auditoria
912,A,7302,1.3,656,40,0.293,estable,0.249,0,train
913,B,5604,7.2,590,53,0.568,estable,0.309,0,auditoria
914,A,8463,1.8,807,34,0.542,estable,0.522,0,train
915,A,6755,4.1,726,51,0.354,estable,0.25,0,train
916,A,7822,1.0,712,32,0.119,estable,0.615,0,train
917,A,5655,3.2,647,45,0.205,autonomo,0.299,0,train
918,A,3364,1.9,553,36,0.156,estable,0.714,1,train
919,A,7950,1.8,672,49,0.605,autonomo,0.226,1,train
920,A,5386,3.2,547,27,0.671,estable,0.249,0,train
921,B,4387,3.2,622,38,0.591,autonomo,0.445,1,train
922,A,6141,3.6,833,38,0.291,autonomo,0.355,0,auditoria
923,B,5605,8.8,614,38,0.511,estable,0.23,0,train
924,B,2447,5.7,575,40,0.473,estable,0.323,0,auditoria
925,A,6546,0.6,579,60,0.432,estable,0.285,0,train
926,B,7187,25.0,747,33,0.652,autonomo,0.522,0,auditoria
927,A,5776,5.4,731,55,0.734,estable,0.3,0,auditoria
928,B,6090,4.6,564,33,0.585,estable,0.64,0,train
929,A,5330,10.7,624,32,0.415,autonomo,0.6,0,auditoria
930,A,5736,4.7,757,21,0.389,estable,0.437,0,auditoria
931,B,3454,1.0,621,39,0.135,autonomo,0.427,1,auditoria
932,B,7185,6.5,723,21,0.805,temporal,0.02,0,auditoria
933,B,8099,11.2,564,27,0.454,autonomo,0.238,0,auditoria
934,A,7725,5.8,553,25,0.356,estable,0.315,0,auditoria
935,A,8243,4.9,794,36,0.351,estable,0.227,0,auditoria
936,B,7795,1.7,687,26,0.131,estable,0.361,0,train
937,A,5450,1.0,509,37,0.024,estable,0.202,0,auditoria
938,B,5796,7.1,597,43,0.262,estable,0.31,0,train
939,A,6931,8.0,730,38,0.377,estable,0.414,0,train
940,A,6756,4.6,582,42,0.469,estable,0.358,0,auditoria
941,A,5125,21.2,591,25,0.159,estable,0.446,1,train
942,B,5039,5.1,620,21,0.378,autonomo,0.575,0,train
943,A,6498,0.4,632,36,0.152,estable,0.21,0,auditoria
944,A,7530,4.8,772,46,0.045,estable,0.395,0,train
945,B,5451,4.7,561,51,0.365,autonomo,0.677,0,train
946,B,6372,0.2,579,54,0.481,temporal,0.502,0,auditoria
947,A,6768,5.0,495,68,0.568,estable,0.396,0,auditoria
948,B,4882,1.1,648,40,0.246,temporal,0.305,1,auditoria
949,B,5977,1.5,704,25,0.664,temporal,0.42,0,train
950,A,6346,1.2,568,50,0.331,autonomo,0.299,0,train
951,A,8358,0.7,578,24,0.174,autonomo,0.263,0,train
952,A,6070,6.0,642,21,0.183,estable,0.304,0,train
953,B,8501,2.1,518,32,0.655,temporal,0.33,0,train
954,A,7084,0.2,704,22,0.206,estable,0.521,0,train
955,B,6155,11.5,637,44,0.451,estable,0.234,0,train
956,A,9331,3.0,655,26,0.299,estable,0.465,0,auditoria
957,A,8234,9.1,664,65,0.406,temporal,0.617,0,train
958,A,6557,11.5,731,37,0.494,estable,0.225,0,train
959,A,7612,2.2,666,21,0.296,estable,0.139,0,train
960,A,7452,4.0,517,46,0.416,estable,0.25,0,train
961,B,6495,0.9,637,53,0.572,autonomo,0.335,0,train
962,B,5669,0.5,611,41,0.462,temporal,0.351,0,train
963,A,6600,0.4,630,30,0.128,autonomo,0.194,0,train
964,A,9189,0.3,576,61,0.164,autonomo,0.102,0,train
965,A,9381,7.9,702,31,0.248,autonomo,0.392,0,train
966,A,4940,4.0,540,32,0.139,estable,0.17,0,train
967,A,6571,2.6,568,21,0.111,estable,0.214,0,auditoria
968,A,7079,6.4,679,24,0.101,autonomo,0.254,0,train
969,A,6186,7.8,665,36,0.115,estable,0.513,0,train
970,B,7880,2.3,662,37,0.487,autonomo,0.4,0,train
971,B,6978,6.6,561,36,0.296,temporal,0.279,0,train
972,A,6572,5.6,455,38,0.302,estable,0.424,1,train
973,A,8652,2.0,624,21,0.502,temporal,0.416,0,auditoria
974,B,2928,1.3,571,40,0.289,autonomo,0.299,0,auditoria
975,B,4669,1.5,581,39,0.125,estable,0.412,0,train
976,B,6135,1.0,610,31,0.307,estable,0.473,0,auditoria
977,B,6754,0.2,737,48,0.353,temporal,0.297,0,train
978,A,7450,1.4,643,43,0.155,estable,0.24,0,auditoria
979,B,5062,0.2,512,40,0.5,estable,0.324,0,train
980,B,7566,1.5,715,31,0.338,temporal,0.21,0,auditoria
981,A,7946,1.1,721,43,0.214,estable,0.058,0,train
982,B,6046,2.2,647,23,0.542,autonomo,0.389,0,train
983,A,6787,1.4,684,32,0.492,estable,0.397,0,train
984,B,5617,3.5,493,60,0.803,temporal,0.624,1,train
985,A,7075,6.9,577,25,0.278,estable,0.283,0,train
986,A,3516,0.5,690,24,0.491,estable,0.645,0,train
987,B,6285,7.0,527,42,0.802,autonomo,0.359,0,train
988,B,4495,6.5,596,24,0.283,estable,0.354,0,train
989,B,5219,19.1,675,39,0.317,autonomo,0.558,0,auditoria
990,B,8687,3.0,573,33,0.581,estable,0.619,0,train
991,B,2456,1.9,634,24,0.928,autonomo,0.4,0,train
992,B,5457,2.3,671,33,0.497,temporal,0.413,0,auditoria
993,A,6359,1.4,535,43,0.431,estable,0.351,0,auditoria
994,A,8259,2.5,681,36,0.148,estable,0.532,0,auditoria
995,A,7028,1.0,588,28,0.178,estable,0.415,0,auditoria
996,B,7077,2.6,593,49,0.703,autonomo,0.43,0,auditoria
997,B,4678,2.4,643,35,0.621,estable,0.375,0,train
998,A,5748,5.6,580,42,0.294,estable,0.377,0,auditoria
999,A,5382,5.9,524,47,0.258,autonomo,0.501,0,auditoria
1000,B,5411,4.5,605,48,0.351,temporal,0.61,0,train
1001,A,6496,8.5,605,41,0.413,estable,0.473,0,auditoria
1002,B,6601,3.2,595,29,0.349,temporal,0.504,0,auditoria
1003,B,4567,0.9,429,30,0.676,temporal,0.479,1,train
1004,A,6801,6.8,717,29,0.289,estable,0.437,0,auditoria
1005,A,5334,8.8,492,49,0.095,estable,0.064,0,auditoria
1006,A,5585,1.2,637,38,0.39,estable,0.219,0,train
1007,B,2021,1.5,593,43,0.37,estable,0.531,0,train
1008,A,6775,3.3,742,31,0.243,autonomo,0.263,0,train
1009,B,4863,1.4,517,30,0.615,temporal,0.469,0,auditoria
1010,B,6313,16.6,497,21,0.414,estable,0.267,0,train
1011,A,4266,7.2,640,34,0.081,temporal,0.096,0,train
1012,A,4670,0.4,630,24,0.453,autonomo,0.383,0,train
1013,A,7032,0.5,571,34,0.29,estable,0.506,0,train
1014,B,4554,0.1,596,40,0.379,estable,0.532,0,train
1015,A,8836,0.2,709,41,0.121,autonomo,0.117,0,train
1016,B,3322,2.1,587,27,0.358,estable,0.836,0,train
1017,A,10604,1.7,693,43,0.455,autonomo,0.13,0,auditoria
1018,A,7953,1.5,607,31,0.351,estable,0.477,0,auditoria
1019,B,7963,3.1,600,30,0.279,estable,0.264,0,train
1020,A,7442,4.4,568,53,0.365,autonomo,0.488,1,auditoria
1021,B,5610,2.2,514,39,0.411,autonomo,0.431,1,train
1022,A,7179,1.6,732,42,0.342,estable,0.39,0,train
1023,A,5740,0.7,688,21,0.199,autonomo,0.428,0,train
1024,A,5563,1.8,689,26,0.388,estable,0.309,0,train
1025,A,3270,0.3,609,34,0.369,estable,0.111,0,auditoria
1026,B,5509,6.4,742,36,0.31,autonomo,0.609,0,auditoria
1027,A,5661,3.5,615,21,0.207,estable,0.49,0,train
1028,A,4987,1.3,742,37,0.24,autonomo,0.277,0,auditoria
1029,A,7618,4.1,697,28,0.53,temporal,0.263,0,train
1030,B,2698,0.5,581,33,0.359,estable,0.493,0,auditoria
1031,A,7387,2.6,496,58,0.421,estable,0.537,0,train
1032,A,8449,1.4,571,24,0.291,estable,0.343,0,auditoria
1033,A,5026,7.1,719,49,0.258,estable,0.231,0,auditoria
1034,A,5161,2.9,587,49,0.254,estable,0.096,0,train
1035,B,8030,2.3,647,23,0.498,estable,0.361,0,train
1036,A,6502,8.6,705,27,0.19,estable,0.293,0,train
1037,B,5067,0.1,643,25,0.262,temporal,0.542,0,auditoria
1038,B,6860,1.4,681,32,0.683,estable,0.55,0,auditoria
1039,B,4842,0.3,610,49,0.536,estable,0.43,0,auditoria
1040,B,5595,0.2,522,36,0.309,estable,0.434,0,train
1041,B,6231,0.1,626,38,0.397,estable,0.29,1,auditoria
1042,A,5180,6.7,552,41,0.187,temporal,0.27,0,train
1043,B,6813,0.2,677,50,0.369,estable,0.604,0,train
1044,B,4901,2.6,652,30,0.482,autonomo,0.368,0,train
1045,B,4703,4.7,574,37,0.412,estable,0.718,0,train
1046,B,2799,4.4,573,53,0.44,autonomo,0.322,0,train
1047,A,7187,2.9,619,50,0.254,autonomo,0.201,0,auditoria
1048,B,6677,2.0,659,34,0.285,autonomo,0.585,1,train
1049,A,9709,6.0,657,55,0.485,estable,0.334,0,train
1050,B,5582,2.5,583,36,0.256,estable,0.359,0,auditoria
1051,A,5725,25.0,645,35,0.164,estable,0.02,0,train
1052,A,4471,7.2,579,51,0.479,temporal,0.633,1,train
1053,B,6479,0.1,754,44,0.094,temporal,0.311,0,train
1054,B,6813,3.0,537,40,0.266,autonomo,0.369,0,train
1055,A,7368,5.0,639,22,0.197,estable,0.188,0,train
1056,B,4041,2.1,769,46,0.452,estable,0.339,0,auditoria
1057,A,3313,1.9,685,51,0.216,estable,0.446,0,auditoria
1058,A,8038,1.0,804,38,0.568,estable,0.21,0,auditoria
1059,A,5352,0.1,781,30,0.507,estable,0.405,0,train
1060,B,4855,3.3,629,29,0.652,temporal,0.541,1,auditoria
1061,A,6871,0.8,636,38,0.155,autonomo,0.437,0,auditoria
1062,A,8823,4.9,671,45,0.068,estable,0.314,0,auditoria
1063,A,7384,2.8,497,36,0.184,estable,0.435,0,train
1064,A,5593,0.9,530,33,0.209,autonomo,0.332,0,train
1065,B,4996,0.2,579,35,0.655,temporal,0.357,0,auditoria
1066,B,4555,0.2,661,37,0.454,temporal,0.259,0,auditoria
1067,A,6092,0.3,666,47,0.46,autonomo,0.446,0,train
1068,B,4172,2.3,605,32,0.19,autonomo,0.228,0,train
1069,A,5841,0.8,695,32,0.059,autonomo,0.079,0,train
1070,A,5322,0.1,518,44,0.098,estable,0.284,0,auditoria
1071,A,5808,1.9,641,35,0.247,estable,0.301,0,auditoria
1072,B,6487,0.7,647,39,0.569,estable,0.525,0,train
1073,A,6213,4.4,589,40,0.46,estable,0.237,0,train
1074,A,9093,9.0,690,49,0.099,estable,0.43,0,auditoria
1075,B,6614,2.1,471,39,0.473,temporal,0.443,0,train
1076,A,6043,1.3,675,50,0.135,autonomo,0.034,0,train
1077,B,5431,0.4,528,30,0.361,estable,0.382,0,train
1078,B,8061,2.5,659,34,0.581,temporal,0.564,0,auditoria
1079,A,4814,10.5,501,42,0.204,autonomo,0.396,0,auditoria
1080,A,5663,6.5,668,30,0.103,estable,0.188,0,auditoria
1081,A,4551,0.4,653,21,0.12,estable,0.265,0,auditoria
1082,B,6584,6.3,598,44,0.208,estable,0.35,0,auditoria
1083,A,6206,7.3,696,33,0.191,estable,0.574,0,auditoria
1084,A,7969,1.9,584,32,0.312,estable,0.114,0,train
1085,A,3411,0.2,646,47,0.02,temporal,0.259,0,train
1086,B,5670,2.7,703,70,0.385,temporal,0.427,0,auditoria
1087,A,4955,6.7,690,51,0.261,estable,0.382,0,train
1088,B,2555,6.2,561,46,0.302,temporal,0.489,0,train
1089,A,4722,12.0,656,35,0.373,autonomo,0.477,0,train
1090,B,4999,2.1,518,21,0.194,estable,0.338,0,train
1091,B,6283,3.6,550,39,0.367,autonomo,0.301,0,auditoria
1092,B,3806,0.3,584,35,0.428,estable,0.54,0,auditoria
1093,A,5181,4.6,712,31,0.436,temporal,0.263,0,auditoria
1094,B,2002,5.0,534,34,0.257,estable,0.446,0,train
1095,A,6026,2.0,528,35,0.175,temporal,0.502,1,train
1096,A,4863,0.3,639,34,0.308,estable,0.454,0,auditoria
1097,A,3158,0.5,694,39,0.268,estable,0.542,0,auditoria
1098,B,5101,2.9,604,32,0.425,estable,0.435,0,train
1099,B,4686,3.0,437,42,0.267,estable,0.707,0,auditoria
1100,A,6667,3.3,629,31,0.085,estable,0.222,0,auditoria
1101,A,4719,0.1,636,35,0.323,autonomo,0.377,0,train
1102,A,8202,5.4,523,50,0.072,autonomo,0.348,0,auditoria
1103,A,6838,4.4,585,47,0.502,autonomo,0.598,0,train
1104,B,5307,1.2,619,46,0.722,estable,0.449,0,train
1105,A,4399,1.3,792,42,0.252,estable,0.328,0,train
1106,A,7870,4.7,661,30,0.335,estable,0.58,0,auditoria
1107,A,5644,4.0,574,47,0.233,autonomo,0.357,0,train
1108,A,6626,11.4,765,28,0.251,estable,0.278,0,train
1109,A,8815,3.3,668,45,0.354,estable,0.132,0,train
1110,A,5862,0.6,662,51,0.311,autonomo,0.189,0,train
1111,A,7567,6.4,737,32,0.469,estable,0.296,0,train
1112,A,6349,2.9,651,36,0.181,autonomo,0.127,0,auditoria
1113,A,5368,7.7,558,50,0.246,estable,0.339,0,train
1114,A,4687,4.9,654,43,0.198,estable,0.256,0,train
1115,A,7412,7.7,647,49,0.534,temporal,0.212,0,train
1116,A,7742,1.3,559,31,0.118,autonomo,0.287,0,auditoria
1117,A,4255,17.0,476,44,0.165,estable,0.439,0,train
1118,A,6699,4.9,665,57,0.066,estable,0.179,0,train
1119,B,4251,5.6,656,38,0.175,estable,0.628,0,auditoria
1120,A,6899,7.4,611,49,0.244,estable,0.333,0,auditoria
1121,B,7639,1.4,477,26,0.82,estable,0.317,0,train
1122,B,1200,7.8,722,40,0.442,temporal,0.402,1,train
1123,A,6693,6.9,742,38,0.347,estable,0.38,0,auditoria
1124,A,5166,18.0,533,44,0.658,estable,0.413,0,auditoria
1125,A,5948,2.7,769,39,0.018,estable,0.54,0,auditoria
1126,B,5862,0.1,665,44,0.512,temporal,0.05,0,auditoria
1127,B,5855,3.0,647,31,0.322,temporal,0.52,0,train
1128,B,4491,5.5,598,25,0.481,autonomo,0.531,0,train
1129,B,5895,1.1,613,38,0.444,temporal,0.366,0,auditoria
1130,B,5540,0.9,645,56,0.415,estable,0.586,0,auditoria
1131,B,6334,0.3,716,30,0.492,autonomo,0.636,1,train
1132,A,5436,11.8,551,26,0.237,estable,0.462,0,train
1133,A,5790,4.2,679,34,0.041,estable,0.02,0,train
1134,A,5661,0.3,738,47,0.294,estable,0.202,0,train
1135,B,6114,4.9,634,50,0.435,temporal,0.583,0,auditoria
1136,A,3850,4.4,641,44,0.138,estable,0.271,0,train
1137,B,4650,3.2,474,21,0.576,estable,0.405,0,auditoria
1138,B,4572,1.2,681,36,0.179,temporal,0.416,0,auditoria
1139,B,5485,7.9,650,47,0.488,estable,0.343,0,train
1140,B,5559,2.4,624,37,0.263,estable,0.369,0,train
1141,A,9937,1.3,603,27,0.394,estable,0.064,0,train
1142,B,5852,3.4,569,22,0.568,estable,0.466,0,train
1143,B,6691,4.5,612,27,0.199,autonomo,0.502,0,train
1144,A,5749,1.3,558,35,0.087,autonomo,0.117,0,train
1145,A,6549,5.2,716,25,0.326,estable,0.302,0,train
1146,A,6022,2.5,662,45,0.418,autonomo,0.02,0,train
1147,B,7014,0.5,481,55,0.451,autonomo,0.351,1,train
1148,A,7950,0.4,557,39,0.308,autonomo,0.174,0,train
1149,B,6546,11.5,694,53,0.778,estable,0.299,0,train
1150,A,5858,1.5,640,34,0.152,estable,0.226,0,train
1151,B,6821,0.6,620,43,0.741,estable,0.275,0,train
1152,B,5497,1.1,583,51,0.468,autonomo,0.502,0,train
1153,A,6277,4.7,673,35,0.393,autonomo,0.099,0,auditoria
1154,B,5515,13.5,533,26,0.466,temporal,0.366,0,train
1155,B,9271,0.6,687,27,0.379,autonomo,0.853,0,auditoria
1156,A,10434,0.1,669,43,0.128,estable,0.284,0,train
1157,B,10226,13.0,583,37,0.375,autonomo,0.562,0,train
1158,A,7062,5.3,706,27,0.543,temporal,0.442,0,train
1159,A,4636,12.2,679,30,0.139,estable,0.656,0,train
1160,A,7715,1.3,766,34,0.257,estable,0.366,0,train
1161,A,6968,5.4,576,45,0.226,estable,0.331,0,train
1162,A,5626,2.2,683,46,0.299,autonomo,0.399,1,train
1163,A,6809,2.3,506,26,0.465,estable,0.02,0,auditoria
1164,B,3492,2.2,616,29,0.268,estable,0.639,0,auditoria
1165,B,4142,0.2,569,55,0.496,autonomo,0.793,0,auditoria
1166,A,5163,1.5,612,34,0.257,estable,0.283,0,train
1167,A,7714,9.6,576,45,0.347,estable,0.745,0,train
1168,B,7304,1.4,646,22,0.338,autonomo,0.032,0,train
1169,B,5502,0.7,499,48,0.613,estable,0.602,0,train
1170,B,1200,0.5,623,50,0.277,autonomo,0.59,0,train
1171,A,4718,2.1,741,39,0.357,estable,0.241,0,train
1172,B,6573,0.2,543,32,0.354,estable,0.344,0,train
1173,B,5257,2.0,608,38,0.535,autonomo,0.644,1,train
1174,B,2416,0.1,678,34,0.298,autonomo,0.54,0,train
1175,B,6260,0.3,624,24,0.465,estable,0.456,1,auditoria
1176,B,4246,0.6,635,39,0.363,temporal,0.425,0,train
1177,A,7353,6.2,606,44,0.193,autonomo,0.089,0,train
1178,A,6667,18.1,736,41,0.596,estable,0.202,0,train
1179,A,6788,0.9,652,24,0.085,autonomo,0.216,0,train
1180,B,7753,11.7,620,53,0.456,temporal,0.631,0,auditoria
1181,B,6847,3.7,652,46,0.402,temporal,0.369,0,train
1182,A,4960,2.7,574,39,0.244,estable,0.473,0,train
1183,A,8291,4.3,670,37,0.107,autonomo,0.43,0,train
1184,B,7421,11.3,574,37,0.541,temporal,0.647,0,train
1185,B,6173,0.5,631,28,0.511,autonomo,0.536,0,train
1186,A,3453,4.0,693,31,0.522,autonomo,0.154,0,train
1187,B,8508,5.9,644,49,0.679,temporal,0.666,1,train
1188,B,6893,5.0,552,23,0.551,estable,0.101,1,train
1189,A,5819,9.3,729,45,0.45,estable,0.315,0,train
1190,A,6665,6.4,734,29,0.254,estable,0.257,0,train
1191,B,7650,7.3,613,36,0.309,estable,0.559,0,train
1192,A,9251,0.8,668,48,0.432,estable,0.23,0,train
1193,B,6413,0.5,571,50,0.062,autonomo,0.466,0,auditoria
1194,B,8133,10.3,662,30,0.559,temporal,0.433,1,auditoria
1195,B,3344,3.6,782,29,0.483,estable,0.472,0,auditoria
1196,A,7058,0.5,605,26,0.106,estable,0.353,1,train
1197,A,6368,6.1,778,32,0.512,estable,0.333,0,auditoria
1198,A,2804,0.4,645,46,0.465,temporal,0.542,0,train
1199,B,6444,0.2,556,32,0.423,estable,0.529,1,train
1200,A,6207,4.0,599,69,0.368,temporal,0.436,0,auditoria
1201,B,3799,2.0,484,21,0.391,temporal,0.724,0,train
1202,A,8458,4.1,650,32,0.148,autonomo,0.141,0,train
1203,A,8613,5.1,634,44,0.223,estable,0.286,1,train
1204,A,6020,1.4,713,49,0.273,autonomo,0.35,0,auditoria
1205,B,5159,2.5,588,34,0.475,autonomo,0.327,1,auditoria
1206,B,5015,2.6,679,48,0.244,estable,0.258,0,auditoria
1207,A,6456,5.1,552,45,0.069,estable,0.123,0,train
1208,A,6361,3.4,716,24,0.335,estable,0.208,0,train
1209,B,4444,0.9,590,25,0.499,autonomo,0.383,0,train
1210,B,4725,2.6,617,34,0.628,temporal,0.393,0,train
1211,A,4388,0.6,694,21,0.581,estable,0.361,0,train
1212,A,5651,2.1,618,47,0.464,autonomo,0.413,0,auditoria
1213,B,4963,5.2,486,40,0.334,autonomo,0.587,0,auditoria
1214,A,5617,3.1,784,54,0.14,estable,0.541,0,train
1215,B,6058,2.0,662,43,0.327,temporal,0.25,0,train
1216,A,8502,0.7,733,43,0.402,estable,0.236,0,auditoria
1217,A,5896,1.2,604,40,0.279,estable,0.288,0,train
1218,A,8388,5.1,732,24,0.246,estable,0.459,0,auditoria
1219,A,8535,3.4,528,31,0.5,estable,0.576,0,train
1220,A,5676,0.9,672,34,0.584,estable,0.02,0,train
1221,A,6493,4.9,684,44,0.112,estable,0.02,0,train
1222,B,6117,4.3,775,36,0.34,estable,0.326,0,train
1223,B,7637,6.3,573,34,0.517,temporal,0.202,0,train
1224,B,6553,0.7,694,49,0.581,autonomo,0.25,0,train
1225,A,3367,0.4,621,38,0.324,autonomo,0.369,0,auditoria
1226,A,6140,4.0,599,28,0.375,estable,0.222,0,train
1227,A,4472,2.6,553,41,0.267,autonomo,0.673,1,train
1228,B,6949,4.6,479,21,0.273,estable,0.559,0,train
1229,A,4449,1.0,651,45,0.559,autonomo,0.499,0,train
1230,A,9106,14.4,732,46,0.512,autonomo,0.096,0,train
1231,A,7958,13.7,640,33,0.11,autonomo,0.293,0,auditoria
1232,A,3487,4.4,538,27,0.162,temporal,0.456,0,train
1233,B,7832,0.2,641,41,0.465,estable,0.525,0,auditoria
1234,B,6874,0.9,482,25,0.505,temporal,0.374,0,auditoria
1235,A,6034,0.7,533,49,0.259,estable,0.258,0,train
1236,A,10192,5.3,623,48,0.313,autonomo,0.366,0,auditoria
1237,A,5936,3.0,578,47,0.157,estable,0.273,0,auditoria
1238,B,5594,6.5,564,41,0.619,temporal,0.692,1,train
1239,A,6267,2.4,612,45,0.102,estable,0.226,0,train
1240,B,4923,1.9,617,58,0.682,estable,0.32,0,train
1241,B,3619,2.6,693,33,0.384,autonomo,0.442,0,train
1242,A,4334,2.9,629,32,0.342,estable,0.575,0,auditoria
1243,B,5335,0.8,616,39,0.385,estable,0.527,0,train
1244,B,1250,1.3,693,37,0.219,estable,0.473,0,auditoria
1245,A,5702,2.8,735,33,0.219,estable,0.426,0,auditoria
1246,A,4646,20.3,732,41,0.124,estable,0.186,0,train
1247,B,3614,1.8,583,44,0.595,estable,0.363,0,train
1248,B,7656,2.4,687,35,0.56,autonomo,0.268,0,train
1249,A,8232,4.3,714,42,0.423,autonomo,0.171,0,train
1250,A,7036,1.5,780,57,0.387,estable,0.397,0,train
1251,A,6355,4.4,648,33,0.151,autonomo,0.603,0,train
1252,A,6691,4.3,719,46,0.555,temporal,0.288,0,train
1253,A,4733,2.9,737,33,0.369,estable,0.498,0,train
1254,A,4911,3.6,697,47,0.296,estable,0.405,0,train
1255,A,8007,0.8,593,48,0.31,estable,0.36,0,auditoria
1256,A,6694,0.8,624,37,0.253,estable,0.148,0,auditoria
1257,A,6846,0.1,628,46,0.436,estable,0.179,0,auditoria
1258,B,3918,1.5,671,47,0.305,estable,0.436,0,auditoria
1259,A,4252,2.8,604,41,0.446,estable,0.228,0,train
1260,B,6772,3.9,594,26,0.43,temporal,0.451,0,train
1261,B,4948,3.4,548,39,0.394,estable,0.499,0,train
1262,A,7578,3.6,547,33,0.489,estable,0.47,0,auditoria
1263,A,5293,6.7,587,24,0.03,estable,0.443,0,auditoria
1264,B,2970,1.0,584,34,0.392,temporal,0.631,0,train
1265,B,4570,1.4,546,34,0.506,autonomo,0.266,0,auditoria
1266,B,9960,4.4,645,35,0.25,temporal,0.457,0,train
1267,A,6353,8.5,672,48,0.437,estable,0.128,0,train
1268,B,3001,2.1,736,32,0.395,estable,0.337,0,train
1269,A,6097,0.7,671,37,0.22,autonomo,0.186,0,auditoria
1270,A,4839,14.5,559,40,0.621,estable,0.213,0,train
1271,A,7810,4.2,688,24,0.354,estable,0.379,1,train
1272,B,6869,0.6,530,33,0.371,autonomo,0.375,1,train
1273,A,4972,0.6,683,27,0.1,estable,0.375,0,auditoria
1274,B,6874,10.7,622,42,0.551,temporal,0.02,0,train
1275,B,6606,2.5,571,46,0.512,estable,0.437,0,auditoria
1276,B,4396,0.4,684,27,0.314,estable,0.459,0,train
1277,A,4894,6.0,696,29,0.34,temporal,0.154,0,train
1278,A,6918,0.9,555,49,0.074,autonomo,0.164,0,train
1279,A,8904,8.9,742,34,0.184,estable,0.321,0,train
1280,A,7088,1.7,632,43,0.339,estable,0.37,0,auditoria
1281,A,4720,8.3,569,21,0.036,estable,0.104,0,train
1282,B,6634,6.6,724,52,0.435,autonomo,0.389,0,train
1283,A,9155,1.9,534,45,0.484,estable,0.334,0,train
1284,B,5543,2.9,547,37,0.592,estable,0.524,0,train
1285,A,6361,11.7,723,30,0.471,autonomo,0.386,0,auditoria
1286,A,5919,1.0,660,43,0.517,estable,0.48,0,auditoria
1287,A,7120,0.7,596,37,0.113,estable,0.246,0,train
1288,B,7026,0.9,647,49,0.325,estable,0.37,0,train
1289,B,3790,1.1,683,21,0.269,temporal,0.378,1,auditoria
1290,A,5046,4.3,629,34,0.4,estable,0.245,0,train
1291,A,5975,10.7,650,52,0.265,autonomo,0.413,0,train
1292,B,3799,2.6,688,38,0.778,estable,0.297,1,train
1293,B,5137,0.9,589,37,0.139,temporal,0.329,0,train
1294,B,3133,1.4,570,60,0.474,autonomo,0.312,0,auditoria
1295,B,4035,4.2,518,26,0.515,autonomo,0.302,0,auditoria
1296,A,7138,1.3,636,40,0.484,estable,0.267,0,auditoria
1297,A,5500,1.9,502,34,0.206,temporal,0.29,0,train
1298,A,10396,2.4,706,49,0.365,estable,0.499,1,train
1299,A,6957,1.8,604,36,0.28,temporal,0.416,0,train
1300,A,6273,0.2,523,54,0.485,autonomo,0.386,0,auditoria
1301,A,4446,11.9,690,37,0.167,temporal,0.419,0,train
1302,B,3208,0.6,599,28,0.312,temporal,0.506,0,auditoria
1303,B,7494,1.7,531,29,0.678,estable,0.491,0,train
1304,B,5864,4.3,550,23,0.603,estable,0.275,0,auditoria
1305,A,7876,2.5,629,60,0.027,estable,0.294,0,train
1306,B,9978,0.7,619,28,0.843,temporal,0.249,0,auditoria
1307,B,8461,6.1,645,22,0.474,estable,0.335,0,train
1308,B,1637,7.0,639,32,0.296,temporal,0.621,0,train
1309,A,6367,0.1,643,29,0.355,estable,0.205,0,auditoria
1310,A,7118,1.7,659,42,0.33,estable,0.126,0,auditoria
1311,B,4592,1.2,662,33,0.677,autonomo,0.323,0,train
1312,B,4612,2.1,560,37,0.252,temporal,0.462,1,auditoria
1313,A,8727,3.7,673,39,0.578,estable,0.272,0,train
1314,A,7057,2.2,734,40,0.426,autonomo,0.333,0,train
1315,B,4278,0.3,692,32,0.234,estable,0.573,1,auditoria
1316,A,6639,5.1,676,43,0.173,autonomo,0.403,0,train
1317,A,7549,9.0,594,50,0.311,temporal,0.02,0,auditoria
1318,A,7124,10.1,676,45,0.459,estable,0.283,0,train
1319,B,6068,2.8,648,30,0.546,temporal,0.281,1,auditoria
1320,A,7403,1.2,587,28,0.273,estable,0.537,0,train
1321,A,9709,1.3,529,24,0.453,estable,0.284,0,train
1322,A,7210,6.1,535,43,0.317,estable,0.25,0,train
1323,B,4219,1.3,615,52,0.398,estable,0.095,0,train
1324,B,4004,0.7,578,50,0.703,estable,0.537,0,train
1325,B,5824,9.4,692,33,0.405,autonomo,0.249,0,auditoria
1326,B,6504,0.6,563,22,0.788,estable,0.377,0,train
1327,A,6188,1.5,816,37,0.604,estable,0.344,0,train
1328,A,2979,8.3,649,39,0.341,estable,0.33,0,train
1329,A,5556,4.9,514,56,0.723,estable,0.199,0,auditoria
1330,A,5687,1.3,744,25,0.121,temporal,0.335,0,train
1331,B,5552,2.0,714,47,0.774,autonomo,0.31,0,train
1332,B,6236,0.2,653,28,0.691,autonomo,0.434,0,auditoria
1333,A,6422,0.7,587,62,0.06,autonomo,0.284,0,auditoria
1334,B,6750,0.8,660,44,0.613,estable,0.618,0,train
1335,A,6009,12.0,681,44,0.52,estable,0.289,0,auditoria
1336,B,8382,3.4,475,35,0.471,temporal,0.463,0,auditoria
1337,A,7001,2.5,708,29,0.447,estable,0.283,0,train
1338,A,8384,3.5,660,26,0.225,temporal,0.267,0,train
1339,A,5893,1.0,766,21,0.134,temporal,0.384,0,train
1340,A,4977,1.0,630,38,0.179,temporal,0.337,0,train
1341,B,5385,4.9,693,42,0.625,temporal,0.39,0,train
1342,A,6458,3.8,664,47,0.131,autonomo,0.346,1,train
1343,A,5765,0.8,635,37,0.391,autonomo,0.234,0,auditoria
1344,A,6111,10.3,562,42,0.147,estable,0.34,0,train
1345,A,3427,7.4,723,41,0.111,temporal,0.053,0,train
1346,A,5512,0.7,586,26,0.182,estable,0.548,0,train
1347,A,5780,3.8,632,37,0.551,temporal,0.393,0,auditoria
1348,A,5509,0.7,751,45,0.174,estable,0.398,0,train
1349,A,6789,2.0,675,29,0.668,autonomo,0.551,1,auditoria
1350,A,4775,1.4,743,50,0.187,estable,0.29,0,auditoria
1351,B,5873,2.1,524,30,0.306,temporal,0.551,0,train
1352,A,6560,2.0,757,40,0.764,autonomo,0.575,0,train
1353,B,4516,11.9,462,48,0.346,estable,0.441,0,train
1354,B,5522,4.9,688,41,0.303,temporal,0.438,0,train
1355,B,6796,4.0,765,27,0.648,autonomo,0.217,0,train
1356,B,5320,2.5,665,42,0.205,estable,0.467,0,auditoria
1357,A,8495,0.5,731,26,0.238,autonomo,0.393,0,train
1358,B,6844,4.7,520,37,0.705,temporal,0.446,0,auditoria
1359,A,5316,5.2,530,34,0.374,estable,0.188,0,train
1360,B,5101,0.9,476,21,0.393,temporal,0.285,0,train
1361,A,6757,2.7,667,44,0.195,estable,0.159,1,auditoria
1362,A,5202,6.0,623,41,0.211,temporal,0.16,0,train
1363,A,5312,3.7,770,58,0.48,estable,0.203,0,auditoria
1364,B,6202,5.5,479,29,0.277,estable,0.598,0,auditoria
1365,A,8358,1.6,773,41,0.159,estable,0.385,0,train
1366,A,4933,0.9,618,29,0.277,estable,0.337,0,train
1367,A,7379,5.6,732,45,0.379,autonomo,0.33,0,train
1368,B,2338,2.4,613,30,0.331,estable,0.651,0,auditoria
1369,B,4270,3.2,656,40,0.686,temporal,0.681,1,train
1370,B,5788,10.1,629,46,0.417,temporal,0.681,0,train
1371,B,3588,0.2,605,37,0.55,estable,0.316,1,train
1372,B,4009,2.3,566,33,0.291,autonomo,0.439,0,auditoria
1373,A,5215,11.6,662,39,0.555,estable,0.206,0,train
1374,A,5363,7.2,756,63,0.286,estable,0.436,0,train
1375,B,7273,1.9,576,43,0.416,autonomo,0.196,0,auditoria
1376,A,7342,3.7,631,51,0.224,autonomo,0.506,0,train
1377,B,5820,0.4,640,48,0.599,autonomo,0.457,0,auditoria
1378,B,5450,1.6,545,33,0.295,autonomo,0.314,0,train
1379,B,9256,2.1,679,25,0.789,temporal,0.402,1,train
1380,B,6754,1.6,611,39,0.521,autonomo,0.298,0,train
1381,A,5411,5.0,722,37,0.495,estable,0.047,0,train
1382,A,8004,5.7,701,23,0.095,estable,0.156,0,train
1383,B,2869,4.3,527,40,0.794,temporal,0.13,0,auditoria
1384,B,6328,6.8,695,32,0.411,estable,0.454,0,train
1385,A,6755,10.0,679,28,0.164,autonomo,0.248,0,train
1386,B,5171,5.2,732,53,0.255,autonomo,0.356,0,train
1387,B,5287,0.7,559,52,0.723,autonomo,0.183,0,train
1388,B,6857,4.0,511,26,0.45,temporal,0.577,0,auditoria
1389,B,6250,6.8,651,41,0.573,estable,0.625,0,train
1390,B,6410,1.2,647,32,0.213,estable,0.255,0,auditoria
1391,A,9166,3.2,698,36,0.191,estable,0.311,0,train
1392,A,6335,2.0,605,26,0.393,estable,0.726,0,train
1393,A,6630,7.8,664,43,0.227,temporal,0.397,0,train
1394,B,5602,2.6,571,37,0.348,estable,0.354,0,train
1395,B,5795,3.2,698,33,0.684,estable,0.565,0,train
1396,A,6029,2.0,547,57,0.576,autonomo,0.283,0,train
1397,A,4398,0.6,609,23,0.116,estable,0.249,0,train
1398,A,6206,8.6,502,44,0.417,autonomo,0.708,1,auditoria
1399,B,7300,1.5,602,33,0.421,temporal,0.329,0,train
1400,B,7158,4.9,518,28,0.578,estable,0.315,0,train
