id,grupo,ingreso_mensual,antiguedad_laboral_anios,historial_crediticio,edad,codigo_postal_riesgo,tipo_empleo,deuda_ingreso,default_real,prob_default,pred_default,aprobado_modelo,conjunto
261,A,9320,2.2,597,46,0.074,autonomo,0.512,0,0.47769,1,0,auditoria
799,A,6057,4.8,572,47,0.096,autonomo,0.249,0,0.19578,0,1,auditoria
843,A,8674,2.0,660,40,0.395,estable,0.298,0,0.34245,0,1,auditoria
836,A,4342,2.2,628,28,0.449,temporal,0.262,0,0.38436,0,1,auditoria
1273,A,4972,0.6,683,27,0.1,estable,0.375,0,0.19827,0,1,auditoria
317,B,9866,1.7,507,35,0.288,estable,0.697,0,0.47163,1,0,auditoria
1333,A,6422,0.7,587,62,0.06,autonomo,0.284,0,0.12956,0,1,auditoria
561,B,3744,2.8,564,43,0.581,autonomo,0.202,0,0.48033,1,0,auditoria
943,A,6498,0.4,632,36,0.152,estable,0.21,0,0.25151,0,1,auditoria
703,B,5174,8.1,541,43,0.799,temporal,0.477,0,0.24864,0,1,auditoria
1257,A,6846,0.1,628,46,0.436,estable,0.179,0,0.19201,0,1,auditoria
35,A,11084,1.0,635,30,0.408,autonomo,0.415,0,0.43088,1,0,auditoria
1286,A,5919,1.0,660,43,0.517,estable,0.48,0,0.37277,0,1,auditoria
397,B,4356,4.2,589,29,0.292,estable,0.308,0,0.34507,0,1,auditoria
857,B,5747,7.9,603,40,0.458,estable,0.415,0,0.15819,0,1,auditoria
531,A,8605,2.4,688,23,0.267,autonomo,0.359,0,0.25843,0,1,auditoria
467,A,5551,3.3,740,37,0.004,estable,0.051,0,0.04842,0,1,auditoria
518,A,5978,1.0,633,46,0.374,estable,0.368,0,0.37022,0,1,auditoria
1388,B,6857,4.0,511,26,0.45,temporal,0.577,0,0.49179,1,0,auditoria
658,A,6676,4.4,570,36,0.045,estable,0.336,0,0.2907,0,1,auditoria
1275,B,6606,2.5,571,46,0.512,estable,0.437,0,0.41137,1,0,auditoria
44,B,5508,0.1,716,35,0.265,temporal,0.413,0,0.17233,0,1,auditoria
213,A,7866,4.3,682,45,0.398,estable,0.345,0,0.32937,0,1,auditoria
996,B,7077,2.6,593,49,0.703,autonomo,0.43,0,0.45743,1,0,auditoria
442,A,7638,6.2,557,52,0.267,autonomo,0.297,0,0.12567,0,1,auditoria
401,B,4434,8.2,575,43,0.598,temporal,0.315,0,0.23129,0,1,auditoria
1195,B,3344,3.6,782,29,0.483,estable,0.472,0,0.32529,0,1,auditoria
1099,B,4686,3.0,437,42,0.267,estable,0.707,0,0.61825,1,0,auditoria
333,A,6147,5.5,683,33,0.422,estable,0.124,0,0.18348,0,1,auditoria
1329,A,5556,4.9,514,56,0.723,estable,0.199,0,0.28449,0,1,auditoria
833,A,5927,12.4,584,44,0.225,temporal,0.169,0,0.08102,0,1,auditoria
1312,B,4612,2.1,560,37,0.252,temporal,0.462,1,0.46634,1,0,auditoria
976,B,6135,1.0,610,31,0.307,estable,0.473,0,0.34588,0,1,auditoria
884,A,6365,7.5,609,32,0.341,estable,0.414,0,0.18886,0,1,auditoria
583,B,5823,2.6,616,48,0.247,estable,0.46,0,0.32315,0,1,auditoria
199,A,6696,19.1,612,23,0.077,autonomo,0.42,0,0.24926,0,1,auditoria
1206,B,5015,2.6,679,48,0.244,estable,0.258,0,0.17278,0,1,auditoria
91,A,5955,3.1,759,39,0.379,autonomo,0.359,0,0.38808,0,1,auditoria
381,A,6750,0.1,668,40,0.361,estable,0.35,0,0.36527,0,1,auditoria
1332,B,6236,0.2,653,28,0.691,autonomo,0.434,0,0.41611,1,0,auditoria
1028,A,4987,1.3,742,37,0.24,autonomo,0.277,0,0.12372,0,1,auditoria
773,B,5806,1.8,603,21,0.42,temporal,0.34,0,0.39848,0,1,auditoria
994,A,8259,2.5,681,36,0.148,estable,0.532,0,0.30766,0,1,auditoria
743,A,7537,4.5,661,36,0.079,estable,0.236,0,0.13188,0,1,auditoria
989,B,5219,19.1,675,39,0.317,autonomo,0.558,0,0.22211,0,1,auditoria
536,B,10066,3.9,584,46,0.28,estable,0.304,0,0.36833,0,1,auditoria
702,B,7815,2.7,688,35,0.634,estable,0.52,0,0.39571,0,1,auditoria
814,A,6934,1.1,607,39,0.109,estable,0.428,0,0.33395,0,1,auditoria
747,A,8002,1.0,765,36,0.418,autonomo,0.325,0,0.34599,0,1,auditoria
266,A,4773,0.5,797,61,0.157,estable,0.341,0,0.13092,0,1,auditoria
215,A,7388,2.8,732,37,0.229,estable,0.528,0,0.19251,0,1,auditoria
466,B,3462,9.9,650,57,0.369,estable,0.452,0,0.11605,0,1,auditoria
253,B,10339,1.7,455,53,0.765,estable,0.445,0,0.35344,0,1,auditoria
992,B,5457,2.3,671,33,0.497,temporal,0.413,0,0.4232,1,0,auditoria
632,B,2569,2.6,582,60,0.363,estable,0.511,0,0.54338,1,0,auditoria
149,A,7976,0.9,795,40,0.196,autonomo,0.621,0,0.36061,0,1,auditoria
301,B,3013,1.8,584,36,0.557,estable,0.462,0,0.6415,1,0,auditoria
1356,B,5320,2.5,665,42,0.205,estable,0.467,0,0.27317,0,1,auditoria
97,B,4981,6.8,602,36,0.443,autonomo,0.17,0,0.26789,0,1,auditoria
858,B,6099,1.4,535,43,0.633,estable,0.403,0,0.42406,1,0,auditoria
116,A,3549,2.5,717,37,0.109,estable,0.359,0,0.13976,0,1,auditoria
935,A,8243,4.9,794,36,0.351,estable,0.227,0,0.16168,0,1,auditoria
212,B,4974,1.2,569,37,0.802,estable,0.474,0,0.56554,1,0,auditoria
1234,B,6874,0.9,482,25,0.505,temporal,0.374,0,0.50939,1,0,auditoria
102,A,5626,0.3,559,47,0.501,estable,0.383,0,0.44518,1,0,auditoria
377,A,7817,5.7,654,40,0.237,estable,0.02,0,0.10969,0,1,auditoria
78,A,7892,10.5,588,21,0.367,estable,0.389,0,0.16979,0,1,auditoria
320,B,8035,6.2,648,24,0.261,temporal,0.529,0,0.28548,0,1,auditoria
1056,B,4041,2.1,769,46,0.452,estable,0.339,0,0.34492,0,1,auditoria
600,B,6214,3.7,566,37,0.644,autonomo,0.411,0,0.55382,1,0,auditoria
83,B,7055,1.0,510,39,0.844,estable,0.32,0,0.39345,0,1,auditoria
1180,B,7753,11.7,620,53,0.456,temporal,0.631,0,0.2291,0,1,auditoria
239,B,4294,3.2,632,44,0.621,autonomo,0.474,1,0.58357,1,0,auditoria
392,A,5206,18.7,682,42,0.584,estable,0.25,0,0.14769,0,1,auditoria
593,B,3184,0.1,626,46,0.463,estable,0.662,0,0.45852,1,0,auditoria
293,B,2402,0.7,584,32,0.47,estable,0.483,0,0.53917,1,0,auditoria
776,B,6541,4.4,644,44,0.41,estable,0.569,0,0.36922,0,1,auditoria
2,A,8264,6.6,593,47,0.338,estable,0.233,0,0.17111,0,1,auditoria
676,B,5359,1.2,467,21,0.516,temporal,0.569,0,0.46841,1,0,auditoria
145,B,5219,2.4,524,34,0.525,autonomo,0.274,0,0.43147,1,0,auditoria
96,B,4081,3.1,644,33,0.753,temporal,0.363,0,0.48927,1,0,auditoria
665,B,5305,1.8,617,42,0.44,temporal,0.187,0,0.28298,0,1,auditoria
50,A,6716,1.2,599,37,0.411,estable,0.397,1,0.38145,0,1,auditoria
517,B,4359,3.7,570,43,0.539,autonomo,0.392,0,0.6669,1,0,auditoria
1123,A,6693,6.9,742,38,0.347,estable,0.38,0,0.13239,0,1,auditoria
1269,A,6097,0.7,671,37,0.22,autonomo,0.186,0,0.1571,0,1,auditoria
554,B,4203,3.7,604,29,0.718,temporal,0.359,0,0.54259,1,0,auditoria
911,A,5108,8.6,648,41,0.214,autonomo,0.43,0,0.11337,0,1,auditoria
17,A,6554,4.6,629,40,0.281,estable,0.267,0,0.2203,0,1,auditoria
1285,A,6361,11.7,723,30,0.471,autonomo,0.386,0,0.11165,0,1,auditoria
175,A,4771,1.5,729,57,0.308,estable,0.407,0,0.20199,0,1,auditoria
1200,A,6207,4.0,599,69,0.368,temporal,0.436,0,0.35583,0,1,auditoria
1041,B,6231,0.1,626,38,0.397,estable,0.29,1,0.35113,0,1,auditoria
1086,B,5670,2.7,703,70,0.385,temporal,0.427,0,0.27642,0,1,auditoria
80,A,7951,3.7,699,22,0.022,autonomo,0.132,0,0.10964,0,1,auditoria
294,A,6836,8.4,678,44,0.203,autonomo,0.576,0,0.14703,0,1,auditoria
611,A,5125,2.7,765,33,0.334,estable,0.357,0,0.19815,0,1,auditoria
51,A,8416,5.4,601,49,0.066,autonomo,0.187,0,0.16607,0,1,auditoria
114,A,8155,3.1,583,30,0.455,estable,0.293,0,0.34271,0,1,auditoria
427,B,4363,0.1,611,24,0.37,estable,0.511,0,0.38816,0,1,auditoria
417,A,10739,4.7,675,46,0.46,estable,0.246,0,0.31145,0,1,auditoria
1256,A,6694,0.8,624,37,0.253,estable,0.148,0,0.165,0,1,auditoria
644,A,4655,2.1,681,29,0.11,estable,0.318,0,0.19458,0,1,auditoria
1078,B,8061,2.5,659,34,0.581,temporal,0.564,0,0.47527,1,0,auditoria
322,A,4545,2.6,678,57,0.474,autonomo,0.391,0,0.44379,1,0,auditoria
940,A,6756,4.6,582,42,0.469,estable,0.358,0,0.38265,0,1,auditoria
290,B,7650,8.9,617,29,0.552,estable,0.112,0,0.10792,0,1,auditoria
933,B,8099,11.2,564,27,0.454,autonomo,0.238,0,0.13855,0,1,auditoria
302,B,3883,3.7,589,28,0.635,estable,0.435,0,0.58348,1,0,auditoria
797,B,5130,7.5,695,25,0.564,temporal,0.142,0,0.14191,0,1,auditoria
673,A,5072,8.8,730,37,0.189,estable,0.415,1,0.0583,0,1,auditoria
535,B,6404,2.1,633,31,0.314,temporal,0.319,0,0.37043,0,1,auditoria
196,B,6255,0.8,605,51,0.162,estable,0.295,0,0.21402,0,1,auditoria
1030,B,2698,0.5,581,33,0.359,estable,0.493,0,0.49616,1,0,auditoria
134,A,9445,3.4,586,42,0.51,estable,0.391,0,0.36271,0,1,auditoria
1265,B,4570,1.4,546,34,0.506,autonomo,0.266,0,0.47613,1,0,auditoria
543,B,5471,1.4,651,41,0.14,estable,0.482,0,0.32697,0,1,auditoria
1300,A,6273,0.2,523,54,0.485,autonomo,0.386,0,0.48894,1,0,auditoria
249,A,5281,0.9,663,47,0.406,estable,0.547,0,0.40603,1,0,auditoria
409,A,7490,7.2,683,40,0.222,autonomo,0.311,0,0.13677,0,1,auditoria
1135,B,6114,4.9,634,50,0.435,temporal,0.583,0,0.46086,1,0,auditoria
789,B,3513,2.1,433,60,0.197,autonomo,0.466,1,0.42829,1,0,auditoria
829,B,5579,7.9,603,38,0.314,temporal,0.45,1,0.24091,0,1,auditoria
1315,B,4278,0.3,692,32,0.234,estable,0.573,1,0.15187,0,1,auditoria
527,A,5854,2.0,634,29,0.262,estable,0.516,0,0.30508,0,1,auditoria
201,A,3481,7.3,596,41,0.259,estable,0.02,0,0.15683,0,1,auditoria
105,A,6560,1.0,533,39,0.332,estable,0.151,0,0.23303,0,1,auditoria
1336,B,8382,3.4,475,35,0.471,temporal,0.463,0,0.47601,1,0,auditoria
1092,B,3806,0.3,584,35,0.428,estable,0.54,0,0.54495,1,0,auditoria
711,A,5919,0.1,697,31,0.451,autonomo,0.281,0,0.28752,0,1,auditoria
273,B,6238,16.3,699,32,0.707,temporal,0.288,0,0.13698,0,1,auditoria
464,A,6920,7.4,695,29,0.128,estable,0.323,0,0.08896,0,1,auditoria
1205,B,5159,2.5,588,34,0.475,autonomo,0.327,1,0.51286,1,0,auditoria
1304,B,5864,4.3,550,23,0.603,estable,0.275,0,0.33641,0,1,auditoria
200,B,5967,9.8,589,45,0.415,estable,0.121,0,0.0854,0,1,auditoria
1306,B,9978,0.7,619,28,0.843,temporal,0.249,0,0.38191,0,1,auditoria
1032,A,8449,1.4,571,24,0.291,estable,0.343,0,0.3143,0,1,auditoria
1319,B,6068,2.8,648,30,0.546,temporal,0.281,1,0.3374,0,1,auditoria
572,B,3182,6.4,549,42,0.507,autonomo,0.417,0,0.54361,1,0,auditoria
1193,B,6413,0.5,571,50,0.062,autonomo,0.466,0,0.32626,0,1,auditoria
343,A,3262,13.4,707,42,0.209,estable,0.145,0,0.06378,0,1,auditoria
1,A,7213,3.6,747,42,0.521,estable,0.161,0,0.15053,0,1,auditoria
1106,A,7870,4.7,661,30,0.335,estable,0.58,0,0.29519,0,1,auditoria
651,A,7067,2.0,623,41,0.182,estable,0.317,0,0.29738,0,1,auditoria
661,A,8250,0.5,658,32,0.142,estable,0.394,0,0.25272,0,1,auditoria
1062,A,8823,4.9,671,45,0.068,estable,0.314,0,0.32008,0,1,auditoria
40,A,10321,2.3,619,35,0.289,estable,0.058,0,0.27509,0,1,auditoria
736,A,5345,0.8,632,55,0.528,autonomo,0.143,0,0.23321,0,1,auditoria
956,A,9331,3.0,655,26,0.299,estable,0.465,0,0.30206,0,1,auditoria
637,A,5244,7.8,681,43,0.061,autonomo,0.22,0,0.04986,0,1,auditoria
1018,A,7953,1.5,607,31,0.351,estable,0.477,0,0.35006,0,1,auditoria
140,A,6391,10.6,566,26,0.54,estable,0.558,0,0.20136,0,1,auditoria
719,A,4716,2.0,573,49,0.07,autonomo,0.523,1,0.53889,1,0,auditoria
468,B,5821,4.4,583,40,0.37,autonomo,0.535,1,0.53523,1,0,auditoria
363,A,3179,6.1,551,53,0.164,temporal,0.309,0,0.26475,0,1,auditoria
594,B,7744,0.4,593,38,0.293,estable,0.367,0,0.33014,0,1,auditoria
937,A,5450,1.0,509,37,0.024,estable,0.202,0,0.16406,0,1,auditoria
587,A,4738,4.9,692,44,0.229,estable,0.614,0,0.26401,0,1,auditoria
180,A,5995,7.2,689,48,0.318,estable,0.26,0,0.1081,0,1,auditoria
695,B,6930,6.2,725,40,0.274,temporal,0.02,0,0.06766,0,1,auditoria
1310,A,7118,1.7,659,42,0.33,estable,0.126,0,0.15605,0,1,auditoria
922,A,6141,3.6,833,38,0.291,autonomo,0.355,0,0.23387,0,1,auditoria
716,A,5433,10.9,517,42,0.353,estable,0.576,0,0.25472,0,1,auditoria
281,A,4723,6.9,684,31,0.123,estable,0.38,0,0.15899,0,1,auditoria
566,B,3999,2.0,624,42,0.326,estable,0.363,0,0.3916,0,1,auditoria
832,A,5332,1.1,644,40,0.172,estable,0.23,0,0.13978,0,1,auditoria
115,A,6206,0.4,758,39,0.133,estable,0.286,1,0.18984,0,1,auditoria
184,B,5788,8.7,523,49,0.358,estable,0.248,0,0.1347,0,1,auditoria
877,A,7777,2.9,565,36,0.325,estable,0.393,0,0.3443,0,1,auditoria
480,A,6645,5.7,701,33,0.086,temporal,0.271,0,0.08234,0,1,auditoria
389,A,6187,4.3,633,27,0.727,estable,0.355,0,0.34556,0,1,auditoria
777,A,7584,2.8,661,26,0.19,estable,0.192,0,0.17801,0,1,auditoria
1070,A,5322,0.1,518,44,0.098,estable,0.284,0,0.19796,0,1,auditoria
624,B,5723,13.4,557,39,0.516,estable,0.633,0,0.31027,0,1,auditoria
1079,A,4814,10.5,501,42,0.204,autonomo,0.396,0,0.13891,0,1,auditoria
558,A,4863,5.0,733,50,0.427,autonomo,0.268,0,0.18578,0,1,auditoria
367,A,5145,11.0,681,43,0.408,estable,0.469,0,0.11407,0,1,auditoria
846,A,6600,7.9,692,31,0.154,estable,0.169,0,0.03112,0,1,auditoria
421,B,3431,3.2,531,23,0.605,temporal,0.173,1,0.50732,1,0,auditoria
978,A,7450,1.4,643,43,0.155,estable,0.24,0,0.16162,0,1,auditoria
510,B,6080,11.9,684,24,0.683,estable,0.214,0,0.11476,0,1,auditoria
165,A,7287,0.1,663,36,0.489,estable,0.292,0,0.32854,0,1,auditoria
361,A,8284,0.1,668,61,0.048,estable,0.376,0,0.20816,0,1,auditoria
325,A,9130,2.8,553,48,0.4,estable,0.385,1,0.39242,0,1,auditoria
718,B,7092,1.4,633,39,0.406,temporal,0.386,0,0.41103,1,0,auditoria
691,A,6898,0.4,683,44,0.391,temporal,0.181,1,0.21384,0,1,auditoria
580,A,8179,0.9,701,37,0.406,estable,0.099,0,0.14827,0,1,auditoria
1244,B,1250,1.3,693,37,0.219,estable,0.473,0,0.15111,0,1,auditoria
167,A,7065,13.1,621,39,0.491,estable,0.616,0,0.18824,0,1,auditoria
889,A,7717,5.8,647,40,0.371,autonomo,0.492,0,0.39818,0,1,auditoria
704,B,5491,4.3,486,31,0.716,estable,0.327,0,0.44723,1,0,auditoria
127,B,8036,0.1,566,38,0.767,estable,0.479,0,0.39629,0,1,auditoria
309,B,3992,1.4,656,40,0.06,estable,0.258,0,0.21045,0,1,auditoria
1317,A,7549,9.0,594,50,0.311,temporal,0.02,0,0.08958,0,1,auditoria
1236,A,10192,5.3,623,48,0.313,autonomo,0.366,0,0.47471,1,0,auditoria
929,A,5330,10.7,624,32,0.415,autonomo,0.6,0,0.1648,0,1,auditoria
1233,B,7832,0.2,641,41,0.465,estable,0.525,0,0.41851,1,0,auditoria
1377,B,5820,0.4,640,48,0.599,autonomo,0.457,0,0.44837,1,0,auditoria
208,A,6554,0.5,713,52,0.237,estable,0.123,0,0.08221,0,1,auditoria
435,B,1200,0.1,585,33,0.123,estable,0.264,0,0.32744,0,1,auditoria
473,A,7154,4.5,751,25,0.187,estable,0.259,0,0.13207,0,1,auditoria
369,A,3866,3.5,741,42,0.256,estable,0.109,0,0.07602,0,1,auditoria
544,B,5597,2.6,621,43,0.599,temporal,0.248,0,0.32995,0,1,auditoria
349,B,4182,3.7,692,43,0.571,autonomo,0.461,1,0.41901,1,0,auditoria
698,A,4923,0.2,545,30,0.209,temporal,0.463,1,0.39133,0,1,auditoria
628,A,7154,8.8,643,48,0.738,autonomo,0.226,0,0.10458,0,1,auditoria
1060,B,4855,3.3,629,29,0.652,temporal,0.541,1,0.51858,1,0,auditoria
31,B,8909,4.6,804,32,0.352,estable,0.558,0,0.22747,0,1,auditoria
119,A,6193,6.5,850,38,0.073,autonomo,0.312,0,0.1151,0,1,auditoria
1125,A,5948,2.7,769,39,0.018,estable,0.54,0,0.19691,0,1,auditoria
1120,A,6899,7.4,611,49,0.244,estable,0.333,0,0.14347,0,1,auditoria
578,B,7491,1.7,531,38,0.397,estable,0.464,0,0.35931,0,1,auditoria
794,B,5164,8.6,438,35,0.65,temporal,0.316,0,0.1806,0,1,auditoria
1057,A,3313,1.9,685,51,0.216,estable,0.446,0,0.23811,0,1,auditoria
444,A,5745,5.6,571,36,0.298,estable,0.161,0,0.2131,0,1,auditoria
124,B,2270,7.3,610,44,0.634,temporal,0.245,0,0.31022,0,1,auditoria
437,A,7517,0.8,613,32,0.228,autonomo,0.228,0,0.21453,0,1,auditoria
874,B,6596,5.3,519,55,0.504,temporal,0.192,0,0.26536,0,1,auditoria
452,B,3164,9.3,616,40,0.504,estable,0.45,1,0.26751,0,1,auditoria
1071,A,5808,1.9,641,35,0.247,estable,0.301,0,0.18865,0,1,auditoria
796,A,8767,2.9,604,35,0.206,estable,0.356,0,0.31272,0,1,auditoria
1258,B,3918,1.5,671,47,0.305,estable,0.436,0,0.40455,1,0,auditoria
909,B,5102,2.2,649,28,0.236,autonomo,0.443,0,0.24601,0,1,auditoria
930,A,5736,4.7,757,21,0.389,estable,0.437,0,0.2279,0,1,auditoria
1325,B,5824,9.4,692,33,0.405,autonomo,0.249,0,0.05987,0,1,auditoria
231,A,6612,3.4,646,44,0.194,estable,0.431,0,0.2726,0,1,auditoria
605,B,7505,4.7,511,26,0.729,estable,0.546,0,0.32696,0,1,auditoria
90,B,7286,2.8,695,32,0.519,estable,0.306,0,0.23702,0,1,auditoria
334,A,8106,0.2,627,44,0.345,autonomo,0.726,0,0.55234,1,0,auditoria
1100,A,6667,3.3,629,31,0.085,estable,0.222,0,0.15665,0,1,auditoria
221,A,6977,0.4,790,48,0.218,estable,0.518,0,0.24926,0,1,auditoria
441,B,5712,3.3,585,55,0.221,autonomo,0.457,0,0.32011,0,1,auditoria
279,A,6719,1.6,620,36,0.226,estable,0.249,0,0.18753,0,1,auditoria
744,B,7596,0.3,593,41,0.211,estable,0.573,0,0.44389,1,0,auditoria
428,A,6393,3.1,608,46,0.498,estable,0.188,0,0.19565,0,1,auditoria
406,A,7047,3.9,599,48,0.297,estable,0.413,0,0.31214,0,1,auditoria
387,A,6363,1.3,712,42,0.445,estable,0.402,0,0.32874,0,1,auditoria
37,B,2844,0.1,653,33,0.398,temporal,0.284,0,0.30628,0,1,auditoria
1294,B,3133,1.4,570,60,0.474,autonomo,0.312,0,0.51412,1,0,auditoria
604,B,4408,3.8,714,42,0.22,estable,0.455,0,0.14391,0,1,auditoria
1097,A,3158,0.5,694,39,0.268,estable,0.542,0,0.20366,0,1,auditoria
1129,B,5895,1.1,613,38,0.444,temporal,0.366,0,0.49714,1,0,auditoria
476,A,6561,3.4,508,45,0.406,estable,0.456,0,0.46807,1,0,auditoria
85,B,7657,12.9,713,45,0.507,temporal,0.331,0,0.08769,0,1,auditoria
1066,B,4555,0.2,661,37,0.454,temporal,0.259,0,0.34182,0,1,auditoria
256,B,5812,2.2,632,34,0.486,autonomo,0.38,0,0.45998,1,0,auditoria
1364,B,6202,5.5,479,29,0.277,estable,0.598,0,0.38412,0,1,auditoria
3,B,5074,3.8,566,28,0.753,autonomo,0.384,1,0.49323,1,0,auditoria
24,A,5996,8.6,667,51,0.299,estable,0.211,0,0.05108,0,1,auditoria
1004,A,6801,6.8,717,29,0.289,estable,0.437,0,0.08405,0,1,auditoria
1347,A,5780,3.8,632,37,0.551,temporal,0.393,0,0.47184,1,0,auditoria
460,A,8083,7.8,616,35,0.453,autonomo,0.211,0,0.15364,0,1,auditoria
469,B,5357,1.4,585,43,0.574,autonomo,0.32,0,0.56203,1,0,auditoria
399,A,7019,9.2,678,47,0.361,estable,0.537,0,0.13974,0,1,auditoria
295,A,6164,4.4,709,40,0.173,estable,0.244,0,0.08139,0,1,auditoria
926,B,7187,25.0,747,33,0.652,autonomo,0.522,0,0.17146,0,1,auditoria
1039,B,4842,0.3,610,49,0.536,estable,0.43,0,0.42033,1,0,auditoria
1126,B,5862,0.1,665,44,0.512,temporal,0.05,0,0.18506,0,1,auditoria
344,B,3903,10.5,565,43,0.25,temporal,0.361,0,0.1798,0,1,auditoria
684,B,1717,0.2,557,47,0.748,estable,0.186,0,0.36596,0,1,auditoria
21,B,7040,2.8,566,22,0.63,temporal,0.377,0,0.44359,1,0,auditoria
1231,A,7958,13.7,640,33,0.11,autonomo,0.293,0,0.07995,0,1,auditoria
499,B,7799,0.5,699,22,0.577,temporal,0.436,0,0.33246,0,1,auditoria
1112,A,6349,2.9,651,36,0.181,autonomo,0.127,0,0.16265,0,1,auditoria
931,B,3454,1.0,621,39,0.135,autonomo,0.427,1,0.39134,0,1,auditoria
1358,B,6844,4.7,520,37,0.705,temporal,0.446,0,0.54307,1,0,auditoria
483,A,6947,8.5,650,42,0.248,estable,0.175,0,0.03911,0,1,auditoria
822,A,7429,7.6,725,27,0.138,estable,0.268,0,0.09014,0,1,auditoria
947,A,6768,5.0,495,68,0.568,estable,0.396,0,0.37585,0,1,auditoria
537,A,8276,5.4,653,47,0.135,autonomo,0.469,0,0.39354,0,1,auditoria
1335,A,6009,12.0,681,44,0.52,estable,0.289,0,0.0978,0,1,auditoria
479,A,8962,2.7,664,31,0.417,estable,0.187,0,0.24886,0,1,auditoria
750,B,2084,7.1,679,53,0.183,temporal,0.34,1,0.20199,0,1,auditoria
1082,B,6584,6.3,598,44,0.208,estable,0.35,0,0.18751,0,1,auditoria
1061,A,6871,0.8,636,38,0.155,autonomo,0.437,0,0.3569,0,1,auditoria
973,A,8652,2.0,624,21,0.502,temporal,0.416,0,0.4732,1,0,auditoria
257,B,9092,2.8,670,34,0.433,estable,0.414,0,0.342,0,1,auditoria
745,A,5337,1.9,678,31,0.419,estable,0.522,0,0.35981,0,1,auditoria
993,A,6359,1.4,535,43,0.431,estable,0.351,0,0.41132,1,0,auditoria
1083,A,6206,7.3,696,33,0.191,estable,0.574,0,0.13936,0,1,auditoria
1002,B,6601,3.2,595,29,0.349,temporal,0.504,0,0.49807,1,0,auditoria
1080,A,5663,6.5,668,30,0.103,estable,0.188,0,0.06141,0,1,auditoria
98,B,7975,4.3,549,37,0.625,autonomo,0.352,0,0.4373,1,0,auditoria
678,A,9500,12.9,619,52,0.283,autonomo,0.451,0,0.14554,0,1,auditoria
193,B,6530,4.9,650,25,0.586,temporal,0.262,0,0.30518,0,1,auditoria
948,B,4882,1.1,648,40,0.246,temporal,0.305,1,0.25321,0,1,auditoria
1363,A,5312,3.7,770,58,0.48,estable,0.203,0,0.16544,0,1,auditoria
1155,B,9271,0.6,687,27,0.379,autonomo,0.853,0,0.4493,1,0,auditoria
1289,B,3790,1.1,683,21,0.269,temporal,0.378,1,0.20035,0,1,auditoria
278,A,5878,0.9,718,32,0.109,autonomo,0.48,0,0.1615,0,1,auditoria
522,A,8664,15.6,638,47,0.044,estable,0.279,0,0.19431,0,1,auditoria
1309,A,6367,0.1,643,29,0.355,estable,0.205,0,0.25396,0,1,auditoria
756,A,6301,0.8,755,41,0.229,estable,0.253,0,0.11767,0,1,auditoria
171,A,7620,8.9,618,27,0.139,estable,0.422,0,0.15614,0,1,auditoria
1037,B,5067,0.1,643,25,0.262,temporal,0.542,0,0.30895,0,1,auditoria
845,B,5784,1.5,572,35,0.463,autonomo,0.374,0,0.57569,1,0,auditoria
223,B,5756,4.4,531,25,0.5,estable,0.542,0,0.3733,0,1,auditoria
903,B,4081,8.8,633,33,0.547,estable,0.411,0,0.1946,0,1,auditoria
974,B,2928,1.3,571,40,0.289,autonomo,0.299,0,0.42202,1,0,auditoria
924,B,2447,5.7,575,40,0.473,estable,0.323,0,0.54114,1,0,auditoria
104,A,3962,5.3,732,37,0.41,estable,0.306,0,0.29582,0,1,auditoria
1074,A,9093,9.0,690,49,0.099,estable,0.43,0,0.12902,0,1,auditoria
1058,A,8038,1.0,804,38,0.568,estable,0.21,0,0.27317,0,1,auditoria
1280,A,7088,1.7,632,43,0.339,estable,0.37,0,0.33414,0,1,auditoria
753,A,4445,0.6,541,47,0.488,estable,0.385,0,0.50792,1,0,auditoria
1349,A,6789,2.0,675,29,0.668,autonomo,0.551,1,0.48229,1,0,auditoria
1350,A,4775,1.4,743,50,0.187,estable,0.29,0,0.09819,0,1,auditoria
692,A,6421,17.6,612,29,0.282,estable,0.136,0,0.14924,0,1,auditoria
875,B,6135,0.5,802,50,0.371,estable,0.286,0,0.20792,0,1,auditoria
622,A,9534,0.8,709,53,0.489,estable,0.224,0,0.19674,0,1,auditoria
1216,A,8502,0.7,733,43,0.402,estable,0.236,0,0.17616,0,1,auditoria
1020,A,7442,4.4,568,53,0.365,autonomo,0.488,1,0.38877,0,1,auditoria
439,A,7668,4.0,596,28,0.412,autonomo,0.237,0,0.28047,0,1,auditoria
438,A,6461,0.1,740,29,0.371,estable,0.063,0,0.18381,0,1,auditoria
739,A,4319,0.6,685,46,0.239,estable,0.328,0,0.26269,0,1,auditoria
967,A,6571,2.6,568,21,0.111,estable,0.214,0,0.25685,0,1,auditoria
188,B,6074,6.3,623,29,0.277,estable,0.617,0,0.2641,0,1,auditoria
818,A,5099,0.1,646,29,0.559,autonomo,0.381,0,0.37817,0,1,auditoria
660,A,4742,5.5,573,50,0.259,estable,0.457,0,0.33115,0,1,auditoria
1093,A,5181,4.6,712,31,0.436,temporal,0.263,0,0.22358,0,1,auditoria
1343,A,5765,0.8,635,37,0.391,autonomo,0.234,0,0.31781,0,1,auditoria
880,B,8211,10.0,585,31,0.427,temporal,0.448,0,0.17772,0,1,auditoria
1026,B,5509,6.4,742,36,0.31,autonomo,0.609,0,0.2536,0,1,auditoria
1047,A,7187,2.9,619,50,0.254,autonomo,0.201,0,0.14653,0,1,auditoria
1091,B,6283,3.6,550,39,0.367,autonomo,0.301,0,0.43632,1,0,auditoria
582,A,7397,6.0,697,35,0.402,estable,0.565,0,0.20837,0,1,auditoria
897,A,4545,3.9,673,31,0.028,estable,0.419,0,0.19374,0,1,auditoria
786,B,5925,1.0,637,42,0.705,estable,0.473,0,0.38913,0,1,auditoria
159,B,5986,0.4,607,42,0.163,estable,0.305,0,0.30435,0,1,auditoria
1368,B,2338,2.4,613,30,0.331,estable,0.651,0,0.42682,1,0,auditoria
980,B,7566,1.5,715,31,0.338,temporal,0.21,0,0.15839,0,1,auditoria
143,A,5654,8.0,522,41,0.336,temporal,0.287,0,0.11952,0,1,auditoria
729,B,4871,0.4,580,47,0.633,estable,0.344,0,0.47508,1,0,auditoria
619,A,6833,5.2,604,22,0.115,estable,0.493,1,0.37468,0,1,auditoria
47,A,7063,7.9,635,27,0.099,estable,0.127,0,0.11558,0,1,auditoria
1194,B,8133,10.3,662,30,0.559,temporal,0.433,1,0.11163,0,1,auditoria
1175,B,6260,0.3,624,24,0.465,estable,0.456,1,0.33255,0,1,auditoria
904,A,7148,3.2,628,36,0.308,estable,0.262,0,0.27081,0,1,auditoria
1096,A,4863,0.3,639,34,0.308,estable,0.454,0,0.26563,0,1,auditoria
516,A,9362,4.1,722,36,0.2,estable,0.441,0,0.15831,0,1,auditoria
234,A,7091,19.9,562,33,0.166,temporal,0.506,0,0.27792,0,1,auditoria
330,A,2966,11.9,697,44,0.335,estable,0.223,0,0.10504,0,1,auditoria
14,A,7730,7.6,728,41,0.585,temporal,0.159,0,0.1199,0,1,auditoria
268,B,5780,0.2,602,21,0.379,estable,0.621,0,0.32109,0,1,auditoria
1138,B,4572,1.2,681,36,0.179,temporal,0.416,0,0.21876,0,1,auditoria
828,A,6410,0.5,742,38,0.169,temporal,0.195,0,0.13148,0,1,auditoria
1237,A,5936,3.0,578,47,0.157,estable,0.273,0,0.19639,0,1,auditoria
176,A,5305,0.5,647,39,0.495,estable,0.163,0,0.25746,0,1,auditoria
39,A,3829,5.0,724,49,0.352,estable,0.591,1,0.2754,0,1,auditoria
1163,A,6809,2.3,506,26,0.465,estable,0.02,0,0.32752,0,1,auditoria
563,A,4856,10.8,644,30,0.273,autonomo,0.199,0,0.05652,0,1,auditoria
327,B,3806,10.6,503,41,0.696,estable,0.393,1,0.2592,0,1,auditoria
752,B,7385,0.6,705,31,0.719,estable,0.342,0,0.3174,0,1,auditoria
1153,A,6277,4.7,673,35,0.393,autonomo,0.099,0,0.24973,0,1,auditoria
596,B,4948,0.5,665,36,0.284,temporal,0.256,0,0.18677,0,1,auditoria
934,A,7725,5.8,553,25,0.356,estable,0.315,0,0.3308,0,1,auditoria
867,B,1492,1.0,637,36,0.333,temporal,0.074,0,0.27772,0,1,auditoria
835,B,2829,3.1,693,30,0.432,autonomo,0.267,0,0.31266,0,1,auditoria
54,A,7006,0.9,782,21,0.346,estable,0.159,0,0.2253,0,1,auditoria
132,A,4884,3.6,634,38,0.332,estable,0.393,0,0.39116,0,1,auditoria
245,B,5352,4.9,546,27,0.456,temporal,0.31,1,0.44154,1,0,auditoria
562,A,6285,0.6,543,30,0.145,estable,0.507,0,0.41203,1,0,auditoria
282,A,10156,10.8,717,40,0.199,estable,0.464,0,0.11247,0,1,auditoria
1124,A,5166,18.0,533,44,0.658,estable,0.413,0,0.27853,0,1,auditoria
1065,B,4996,0.2,579,35,0.655,temporal,0.357,0,0.52528,1,0,auditoria
881,A,6074,0.3,648,48,0.558,temporal,0.398,0,0.41436,1,0,auditoria
1137,B,4650,3.2,474,21,0.576,estable,0.405,0,0.46201,1,0,auditoria
1204,A,6020,1.4,713,49,0.273,autonomo,0.35,0,0.24182,0,1,auditoria
52,A,7321,0.1,748,43,0.126,estable,0.397,0,0.15029,0,1,auditoria
1218,A,8388,5.1,732,24,0.246,estable,0.459,0,0.15758,0,1,auditoria
429,A,6491,10.1,635,36,0.168,estable,0.363,0,0.09953,0,1,auditoria
606,A,7004,0.1,509,34,0.238,estable,0.419,0,0.34045,0,1,auditoria
189,A,5819,6.1,559,63,0.168,estable,0.308,0,0.15334,0,1,auditoria
932,B,7185,6.5,723,21,0.805,temporal,0.02,0,0.1929,0,1,auditoria
1245,A,5702,2.8,735,33,0.219,estable,0.426,0,0.09187,0,1,auditoria
999,A,5382,5.9,524,47,0.258,autonomo,0.501,0,0.46571,1,0,auditoria
630,B,4258,2.0,598,35,0.426,estable,0.02,0,0.39919,0,1,auditoria
339,B,5873,4.5,654,46,0.359,temporal,0.315,0,0.39205,0,1,auditoria
589,A,4881,11.6,676,24,0.156,autonomo,0.342,0,0.10757,0,1,auditoria
1372,B,4009,2.3,566,33,0.291,autonomo,0.439,0,0.48956,1,0,auditoria
1081,A,4551,0.4,653,21,0.12,estable,0.265,0,0.21782,0,1,auditoria
1038,B,6860,1.4,681,32,0.683,estable,0.55,0,0.3712,0,1,auditoria
755,A,7599,0.5,704,34,0.301,estable,0.593,0,0.23856,0,1,auditoria
103,B,8041,1.6,606,53,0.487,temporal,0.472,0,0.38838,0,1,auditoria
1375,B,7273,1.9,576,43,0.416,autonomo,0.196,0,0.26197,0,1,auditoria
851,B,6547,2.5,638,50,0.428,estable,0.328,0,0.25377,0,1,auditoria
270,B,5080,5.5,621,42,0.724,estable,0.557,0,0.48881,1,0,auditoria
946,B,6372,0.2,579,54,0.481,temporal,0.502,0,0.51322,1,0,auditoria
340,A,9980,7.7,649,53,0.12,autonomo,0.255,0,0.15638,0,1,auditoria
1197,A,6368,6.1,778,32,0.512,estable,0.333,0,0.19049,0,1,auditoria
474,A,5978,4.9,688,52,0.059,estable,0.249,0,0.10711,0,1,auditoria
177,B,5507,1.3,669,40,0.394,temporal,0.491,0,0.53218,1,0,auditoria
1390,B,6410,1.2,647,32,0.213,estable,0.255,0,0.16996,0,1,auditoria
782,A,4893,6.4,680,33,0.041,autonomo,0.214,0,0.08907,0,1,auditoria
913,B,5604,7.2,590,53,0.568,estable,0.309,0,0.23814,0,1,auditoria
99,B,4439,1.2,677,34,0.795,estable,0.603,0,0.41751,1,0,auditoria
303,B,4230,0.2,624,38,0.359,temporal,0.268,0,0.30428,0,1,auditoria
667,A,7001,13.4,670,33,0.572,autonomo,0.129,0,0.08579,0,1,auditoria
1295,B,4035,4.2,518,26,0.515,autonomo,0.302,0,0.55011,1,0,auditoria
484,A,8867,4.0,534,33,0.153,estable,0.187,0,0.24418,0,1,auditoria
896,A,9007,17.9,560,43,0.346,autonomo,0.294,0,0.26563,0,1,auditoria
284,B,4160,0.6,667,38,0.27,temporal,0.447,1,0.3261,0,1,auditoria
1302,B,3208,0.6,599,28,0.312,temporal,0.506,0,0.47688,1,0,auditoria
1263,A,5293,6.7,587,24,0.03,estable,0.443,0,0.2429,0,1,auditoria
263,A,3766,1.7,590,39,0.259,estable,0.325,0,0.37327,0,1,auditoria
657,A,4287,0.3,850,40,0.498,autonomo,0.382,0,0.44165,1,0,auditoria
1025,A,3270,0.3,609,34,0.369,estable,0.111,0,0.38921,0,1,auditoria
315,B,9464,1.5,603,42,0.459,autonomo,0.427,0,0.4612,1,0,auditoria
669,A,4923,6.5,595,31,0.022,estable,0.066,0,0.12309,0,1,auditoria
138,A,5570,7.9,630,49,0.298,autonomo,0.317,0,0.11198,0,1,auditoria
7,A,10902,0.2,629,37,0.287,temporal,0.428,0,0.43021,1,0,auditoria
1009,B,4863,1.4,517,30,0.615,temporal,0.469,0,0.60509,1,0,auditoria
775,B,7467,2.4,453,32,0.575,autonomo,0.535,0,0.48765,1,0,auditoria
1242,A,4334,2.9,629,32,0.342,estable,0.575,0,0.36419,0,1,auditoria
190,B,7441,2.1,666,23,0.26,autonomo,0.119,0,0.15814,0,1,auditoria
759,A,4637,7.3,681,36,0.428,estable,0.33,0,0.25193,0,1,auditoria
723,B,7617,1.4,683,33,0.432,estable,0.585,1,0.33781,0,1,auditoria
995,A,7028,1.0,588,28,0.178,estable,0.415,0,0.28211,0,1,auditoria
1130,B,5540,0.9,645,56,0.415,estable,0.586,0,0.34071,0,1,auditoria
1213,B,4963,5.2,486,40,0.334,autonomo,0.587,0,0.61776,1,0,auditoria
131,A,7006,12.3,636,43,0.354,autonomo,0.211,0,0.0801,0,1,auditoria
575,A,6620,0.7,528,45,0.463,estable,0.439,0,0.41315,1,0,auditoria
319,A,7490,6.9,727,60,0.045,autonomo,0.197,0,0.05743,0,1,auditoria
150,A,4652,12.7,689,43,0.351,autonomo,0.252,0,0.08446,0,1,auditoria
642,A,3845,3.3,612,42,0.438,autonomo,0.451,1,0.65665,1,0,auditoria
1005,A,5334,8.8,492,49,0.095,estable,0.064,0,0.09721,0,1,auditoria
502,A,9569,2.3,669,41,0.17,autonomo,0.314,0,0.33133,0,1,auditoria
84,A,6552,5.2,527,43,0.038,estable,0.18,1,0.16245,0,1,auditoria
633,B,6528,3.5,610,47,0.714,estable,0.275,0,0.23609,0,1,auditoria
1255,A,8007,0.8,593,48,0.31,estable,0.36,0,0.33438,0,1,auditoria
623,A,5340,9.9,678,30,0.288,temporal,0.276,0,0.08189,0,1,auditoria
463,A,6418,3.0,640,32,0.499,estable,0.404,0,0.33156,0,1,auditoria
247,A,6736,1.3,684,37,0.412,estable,0.416,0,0.35753,0,1,auditoria
306,A,7504,0.3,703,41,0.06,estable,0.05,0,0.08126,0,1,auditoria
1164,B,3492,2.2,616,29,0.268,estable,0.639,0,0.44569,1,0,auditoria
285,A,2394,2.1,650,30,0.404,autonomo,0.288,0,0.37337,0,1,auditoria
837,A,7196,2.5,612,37,0.302,autonomo,0.217,0,0.29868,0,1,auditoria
882,A,7799,1.4,612,50,0.155,estable,0.238,0,0.14931,0,1,auditoria
1296,A,7138,1.3,636,40,0.484,estable,0.267,0,0.2579,0,1,auditoria
67,B,6742,1.8,565,21,0.38,temporal,0.426,0,0.47074,1,0,auditoria
643,A,6903,4.0,720,26,0.375,estable,0.354,0,0.26655,0,1,auditoria
734,A,7540,18.3,655,34,0.325,estable,0.181,0,0.13128,0,1,auditoria
1212,A,5651,2.1,618,47,0.464,autonomo,0.413,0,0.53375,1,0,auditoria
501,B,8605,3.6,610,43,0.225,temporal,0.529,0,0.51801,1,0,auditoria
232,A,4708,7.6,606,45,0.391,estable,0.14,0,0.15089,0,1,auditoria
1102,A,8202,5.4,523,50,0.072,autonomo,0.348,0,0.28507,0,1,auditoria
112,A,6191,0.2,604,48,0.423,estable,0.285,0,0.22928,0,1,auditoria
1116,A,7742,1.3,559,31,0.118,autonomo,0.287,0,0.23419,0,1,auditoria
1398,A,6206,8.6,502,44,0.417,autonomo,0.708,1,0.29897,0,1,auditoria
61,B,3135,5.5,502,46,0.234,temporal,0.508,1,0.55098,1,0,auditoria
998,A,5748,5.6,580,42,0.294,estable,0.377,0,0.33591,0,1,auditoria
1225,A,3367,0.4,621,38,0.324,autonomo,0.369,0,0.44694,1,0,auditoria
847,A,7583,1.8,698,30,0.382,autonomo,0.381,0,0.24638,0,1,auditoria
685,B,4420,0.8,523,24,0.439,estable,0.33,0,0.42054,1,0,auditoria
1001,A,6496,8.5,605,41,0.413,estable,0.473,0,0.15776,0,1,auditoria
1017,A,10604,1.7,693,43,0.455,autonomo,0.13,0,0.26083,0,1,auditoria
598,B,5732,0.3,513,21,0.459,autonomo,0.185,0,0.38047,0,1,auditoria
1033,A,5026,7.1,719,49,0.258,estable,0.231,0,0.03996,0,1,auditoria
34,B,4315,2.2,704,46,0.7,estable,0.394,1,0.38827,0,1,auditoria
248,B,4327,2.2,725,41,0.329,autonomo,0.245,0,0.21078,0,1,auditoria
1165,B,4142,0.2,569,55,0.496,autonomo,0.793,0,0.65791,1,0,auditoria
855,A,6102,2.9,708,31,0.492,estable,0.176,0,0.16842,0,1,auditoria
1119,B,4251,5.6,656,38,0.175,estable,0.628,0,0.40632,1,0,auditoria
413,A,5045,2.7,679,39,0.223,estable,0.298,0,0.23191,0,1,auditoria
1262,A,7578,3.6,547,33,0.489,estable,0.47,0,0.35809,0,1,auditoria
900,A,5180,1.6,679,35,0.081,temporal,0.173,0,0.11398,0,1,auditoria
679,B,2753,2.6,620,33,0.567,autonomo,0.427,0,0.55853,1,0,auditoria
497,B,8676,2.7,673,44,0.601,estable,0.401,0,0.39853,0,1,auditoria
1361,A,6757,2.7,667,44,0.195,estable,0.159,1,0.13665,0,1,auditoria
74,A,5497,1.1,664,32,0.634,estable,0.296,1,0.37578,0,1,auditoria
1383,B,2869,4.3,527,40,0.794,temporal,0.13,0,0.51477,1,0,auditoria
64,B,1228,0.4,546,38,0.423,estable,0.396,0,0.54189,1,0,auditoria
56,A,5716,0.9,603,23,0.48,temporal,0.157,0,0.29176,0,1,auditoria
157,A,2552,4.5,839,41,0.159,autonomo,0.425,0,0.20618,0,1,auditoria
117,B,4091,1.9,615,26,0.534,estable,0.713,0,0.47471,1,0,auditoria
791,B,4544,3.5,605,46,0.753,estable,0.536,0,0.56953,1,0,auditoria
374,B,6073,6.9,540,27,0.664,estable,0.204,0,0.22574,0,1,auditoria
120,A,7666,0.1,627,41,0.304,estable,0.352,0,0.31605,0,1,auditoria
158,A,6657,5.0,663,56,0.125,estable,0.134,0,0.12351,0,1,auditoria
403,A,3678,2.3,657,28,0.407,autonomo,0.46,0,0.38824,0,1,auditoria
32,A,7532,2.1,521,39,0.194,temporal,0.396,0,0.30721,0,1,auditoria
1050,B,5582,2.5,583,36,0.256,estable,0.359,0,0.28281,0,1,auditoria
430,B,10400,1.6,674,39,0.324,estable,0.53,0,0.46555,1,0,auditoria
927,A,5776,5.4,731,55,0.734,estable,0.3,0,0.21457,0,1,auditoria
228,B,8904,0.5,657,56,0.306,autonomo,0.492,0,0.37006,0,1,auditoria
627,B,6050,0.8,545,55,0.281,estable,0.442,1,0.28003,0,1,auditoria
191,A,3866,0.7,616,42,0.15,estable,0.164,0,0.24869,0,1,auditoria
375,A,4088,4.2,612,51,0.206,autonomo,0.45,0,0.38685,0,1,auditoria
538,A,7319,5.9,592,35,0.034,autonomo,0.528,0,0.33537,0,1,auditoria
810,A,2567,11.0,647,43,0.127,autonomo,0.276,0,0.11463,0,1,auditoria
